,episode,make_span,reward,min make span
0,0.0,39.0,-3.5,39.0
1,0.0,39.0,-3.666666666666667,39.0
2,0.0,41.0,-6.333333333333334,39.0
3,1.0,37.0,-2.0,37.0
4,1.0,45.0,-6.5,37.0
5,1.0,40.0,-5.666666666666667,37.0
6,2.0,43.0,-6.333333333333334,37.0
7,2.0,43.0,-4.333333333333333,37.0
8,2.0,45.0,-7.833333333333334,37.0
9,3.0,41.0,-4.0,37.0
10,3.0,44.0,-8.5,37.0
11,3.0,42.0,-4.166666666666666,37.0
12,4.0,40.0,-3.833333333333333,37.0
13,4.0,41.0,-3.833333333333333,37.0
14,4.0,42.0,-2.5,37.0
15,5.0,38.0,-3.6666666666666665,37.0
16,5.0,44.0,-6.666666666666666,37.0
17,5.0,43.0,-4.333333333333333,37.0
18,6.0,41.0,-2.5,37.0
19,6.0,41.0,-3.333333333333333,37.0
20,6.0,43.0,-3.8333333333333335,37.0
21,7.0,44.0,-8.166666666666666,37.0
22,7.0,42.0,-3.6666666666666665,37.0
23,7.0,41.0,-3.3333333333333335,37.0
24,8.0,42.0,-2.8333333333333335,37.0
25,8.0,42.0,-3.833333333333333,37.0
26,8.0,40.0,-3.3333333333333335,37.0
27,9.0,44.0,-5.333333333333334,37.0
28,9.0,41.0,-3.5,37.0
29,9.0,45.0,-7.0,37.0
30,10.0,42.0,-5.666666666666666,37.0
31,10.0,42.0,-3.833333333333333,37.0
32,10.0,41.0,-3.5,37.0
33,11.0,41.0,-3.833333333333333,37.0
34,11.0,44.0,-7.166666666666667,37.0
35,11.0,40.0,-4.5,37.0
36,12.0,44.0,-7.166666666666667,37.0
37,12.0,42.0,-5.0,37.0
38,12.0,41.0,-3.3333333333333335,37.0
39,13.0,40.0,-3.1666666666666665,37.0
40,13.0,40.0,-2.333333333333333,37.0
41,13.0,43.0,-6.333333333333333,37.0
42,14.0,44.0,-5.333333333333334,37.0
43,14.0,40.0,-3.333333333333333,37.0
44,14.0,42.0,-2.666666666666667,37.0
45,15.0,40.0,-2.6666666666666665,37.0
46,15.0,41.0,-3.0,37.0
47,15.0,48.0,-8.0,37.0
48,16.0,39.0,-2.6666666666666665,37.0
49,16.0,40.0,-2.5,37.0
50,16.0,41.0,-3.1666666666666665,37.0
51,17.0,42.0,-3.666666666666667,37.0
52,17.0,45.0,-5.333333333333333,37.0
53,17.0,38.0,-1.6666666666666665,37.0
54,18.0,43.0,-5.5,37.0
55,18.0,43.0,-3.5,37.0
56,18.0,41.0,-3.666666666666667,37.0
57,19.0,41.0,-4.5,37.0
58,19.0,39.0,-2.1666666666666665,37.0
59,19.0,39.0,-2.5,37.0
60,20.0,40.0,-1.5,37.0
61,20.0,40.0,-3.5,37.0
62,20.0,38.0,-0.5,37.0
63,21.0,41.0,-3.5,37.0
64,21.0,45.0,-5.166666666666666,37.0
65,21.0,38.0,-2.833333333333333,37.0
66,22.0,41.0,-4.166666666666666,37.0
67,22.0,38.0,-2.333333333333333,37.0
68,22.0,36.0,-1.0,36.0
69,23.0,40.0,-2.666666666666667,36.0
70,23.0,38.0,-2.0,36.0
71,23.0,40.0,-2.6666666666666665,36.0
72,24.0,42.0,-6.0,36.0
73,24.0,41.0,-3.833333333333333,36.0
74,24.0,39.0,-3.6666666666666665,36.0
75,25.0,38.0,-5.0,36.0
76,25.0,42.0,-5.666666666666666,36.0
77,25.0,42.0,-3.0,36.0
78,26.0,39.0,-2.833333333333333,36.0
79,26.0,48.0,-11.666666666666666,36.0
80,26.0,39.0,-2.0,36.0
81,27.0,39.0,-2.666666666666667,36.0
82,27.0,40.0,-3.833333333333333,36.0
83,27.0,38.0,-5.833333333333334,36.0
84,28.0,44.0,-8.333333333333334,36.0
85,28.0,40.0,-1.3333333333333333,36.0
86,28.0,39.0,-1.6666666666666667,36.0
87,29.0,42.0,-4.0,36.0
88,29.0,40.0,-1.6666666666666665,36.0
89,29.0,39.0,-2.1666666666666665,36.0
90,30.0,50.0,-11.166666666666668,36.0
91,30.0,48.0,-11.0,36.0
92,30.0,42.0,-4.833333333333333,36.0
93,31.0,37.0,-1.0,36.0
94,31.0,39.0,-3.833333333333333,36.0
95,31.0,42.0,-5.166666666666667,36.0
96,32.0,42.0,-4.0,36.0
97,32.0,41.0,-3.3333333333333335,36.0
98,32.0,41.0,-2.5,36.0
99,33.0,40.0,-3.1666666666666665,36.0
100,33.0,39.0,-3.8333333333333335,36.0
101,33.0,41.0,-3.1666666666666665,36.0
102,34.0,39.0,-3.1666666666666665,36.0
103,34.0,42.0,-4.0,36.0
104,34.0,40.0,-2.166666666666667,36.0
105,35.0,39.0,-3.0,36.0
106,35.0,41.0,-2.1666666666666665,36.0
107,35.0,41.0,-5.833333333333333,36.0
108,36.0,43.0,-6.666666666666667,36.0
109,36.0,42.0,-3.0,36.0
110,36.0,37.0,-2.1666666666666665,36.0
111,37.0,38.0,-2.3333333333333335,36.0
112,37.0,40.0,-2.166666666666667,36.0
113,37.0,43.0,-6.499999999999999,36.0
114,38.0,40.0,-2.1666666666666665,36.0
115,38.0,40.0,-4.0,36.0
116,38.0,44.0,-3.8333333333333335,36.0
117,39.0,43.0,-2.8333333333333335,36.0
118,39.0,37.0,-1.0,36.0
119,39.0,41.0,-4.0,36.0
120,40.0,42.0,-5.833333333333334,36.0
121,40.0,41.0,-4.0,36.0
122,40.0,39.0,-3.0,36.0
123,41.0,41.0,-3.1666666666666665,36.0
124,41.0,40.0,-2.5,36.0
125,41.0,42.0,-5.666666666666667,36.0
126,42.0,38.0,-1.8333333333333335,36.0
127,42.0,38.0,-2.1666666666666665,36.0
128,42.0,40.0,-1.1666666666666667,36.0
129,43.0,41.0,-4.166666666666667,36.0
130,43.0,41.0,-2.833333333333333,36.0
131,43.0,40.0,-2.6666666666666665,36.0
132,44.0,41.0,-4.166666666666667,36.0
133,44.0,39.0,-2.5,36.0
134,44.0,39.0,-1.3333333333333333,36.0
135,45.0,39.0,-2.333333333333333,36.0
136,45.0,41.0,-2.1666666666666665,36.0
137,45.0,38.0,-2.0,36.0
138,46.0,41.0,-2.3333333333333335,36.0
139,46.0,43.0,-8.5,36.0
140,46.0,41.0,-2.3333333333333335,36.0
141,47.0,40.0,-1.6666666666666667,36.0
142,47.0,40.0,-3.5,36.0
143,47.0,39.0,-5.666666666666666,36.0
144,48.0,45.0,-4.333333333333334,36.0
145,48.0,39.0,-3.5,36.0
146,48.0,39.0,-3.1666666666666665,36.0
147,49.0,40.0,-2.3333333333333335,36.0
148,49.0,43.0,-2.1666666666666665,36.0
149,49.0,43.0,-5.333333333333333,36.0
150,50.0,41.0,-5.666666666666667,36.0
151,50.0,42.0,-4.5,36.0
152,50.0,40.0,-2.0,36.0
153,51.0,38.0,-1.0,36.0
154,51.0,40.0,-3.833333333333333,36.0
155,51.0,38.0,-2.3333333333333335,36.0
156,52.0,38.0,-2.6666666666666665,36.0
157,52.0,42.0,-4.166666666666667,36.0
158,52.0,42.0,-3.833333333333333,36.0
159,53.0,41.0,-4.666666666666666,36.0
160,53.0,40.0,-2.833333333333333,36.0
161,53.0,40.0,-2.3333333333333335,36.0
162,54.0,42.0,-5.0,36.0
163,54.0,39.0,-1.1666666666666667,36.0
164,54.0,41.0,-4.333333333333334,36.0
165,55.0,42.0,-3.333333333333333,36.0
166,55.0,40.0,-3.3333333333333335,36.0
167,55.0,40.0,-1.6666666666666667,36.0
168,56.0,38.0,-2.5,36.0
169,56.0,38.0,-1.3333333333333335,36.0
170,56.0,37.0,-1.3333333333333335,36.0
171,57.0,40.0,-2.6666666666666665,36.0
172,57.0,41.0,-4.5,36.0
173,57.0,42.0,-3.833333333333333,36.0
174,58.0,40.0,-2.6666666666666665,36.0
175,58.0,41.0,-4.0,36.0
176,58.0,44.0,-3.0,36.0
177,59.0,41.0,-3.0,36.0
178,59.0,39.0,-1.6666666666666667,36.0
179,59.0,39.0,-2.333333333333333,36.0
180,60.0,41.0,-3.1666666666666665,36.0
181,60.0,40.0,-2.6666666666666665,36.0
182,60.0,39.0,-1.3333333333333333,36.0
183,61.0,37.0,-3.1666666666666665,36.0
184,61.0,39.0,-1.8333333333333335,36.0
185,61.0,42.0,-3.0,36.0
186,62.0,40.0,-2.0,36.0
187,62.0,39.0,-2.0,36.0
188,62.0,38.0,-1.6666666666666667,36.0
189,63.0,41.0,-3.0,36.0
190,63.0,42.0,-2.0,36.0
191,63.0,38.0,-4.166666666666667,36.0
192,64.0,39.0,-2.1666666666666665,36.0
193,64.0,41.0,-3.666666666666667,36.0
194,64.0,38.0,-1.3333333333333335,36.0
195,65.0,40.0,-2.5,36.0
196,65.0,39.0,-4.5,36.0
197,65.0,41.0,-4.166666666666666,36.0
198,66.0,36.0,-2.833333333333333,36.0
199,66.0,37.0,-2.333333333333333,36.0
200,66.0,42.0,-3.6666666666666665,36.0
201,67.0,39.0,-1.3333333333333333,36.0
202,67.0,38.0,-1.8333333333333333,36.0
203,67.0,40.0,-2.833333333333333,36.0
204,68.0,41.0,-3.833333333333333,36.0
205,68.0,40.0,-3.666666666666667,36.0
206,68.0,41.0,-3.1666666666666665,36.0
207,69.0,37.0,-2.0,36.0
208,69.0,39.0,-3.6666666666666665,36.0
209,69.0,41.0,-4.5,36.0
210,70.0,38.0,-2.0,36.0
211,70.0,37.0,-3.333333333333333,36.0
212,70.0,41.0,-4.166666666666667,36.0
213,71.0,39.0,-2.6666666666666665,36.0
214,71.0,42.0,-2.666666666666667,36.0
215,71.0,47.0,-9.166666666666668,36.0
216,72.0,42.0,-3.5,36.0
217,72.0,40.0,-3.166666666666667,36.0
218,72.0,41.0,-2.333333333333333,36.0
219,73.0,38.0,-2.333333333333333,36.0
220,73.0,42.0,-4.166666666666666,36.0
221,73.0,40.0,-3.3333333333333335,36.0
222,74.0,38.0,-1.833333333333333,36.0
223,74.0,40.0,-2.8333333333333335,36.0
224,74.0,40.0,-4.333333333333334,36.0
225,75.0,44.0,-6.666666666666667,36.0
226,75.0,37.0,-2.5,36.0
227,75.0,38.0,-2.5,36.0
228,76.0,38.0,-1.3333333333333335,36.0
229,76.0,44.0,-4.0,36.0
230,76.0,37.0,-3.5,36.0
231,77.0,45.0,-5.0,36.0
232,77.0,40.0,-4.833333333333334,36.0
233,77.0,42.0,-4.0,36.0
234,78.0,45.0,-7.666666666666667,36.0
235,78.0,41.0,-4.833333333333333,36.0
236,78.0,40.0,-1.5,36.0
237,79.0,40.0,-3.666666666666667,36.0
238,79.0,40.0,-4.0,36.0
239,79.0,48.0,-9.166666666666666,36.0
240,80.0,38.0,-1.0,36.0
241,80.0,40.0,-1.8333333333333335,36.0
242,80.0,41.0,-2.8333333333333335,36.0
243,81.0,41.0,-3.666666666666667,36.0
244,81.0,42.0,-4.833333333333333,36.0
245,81.0,42.0,-4.0,36.0
246,82.0,40.0,-1.3333333333333333,36.0
247,82.0,43.0,-3.3333333333333335,36.0
248,82.0,51.0,-12.833333333333334,36.0
249,83.0,40.0,-1.5,36.0
250,83.0,41.0,-3.6666666666666665,36.0
251,83.0,44.0,-3.0,36.0
252,84.0,38.0,-2.5,36.0
253,84.0,39.0,-1.8333333333333335,36.0
254,84.0,40.0,-1.6666666666666667,36.0
255,85.0,40.0,-1.8333333333333335,36.0
256,85.0,39.0,-2.5,36.0
257,85.0,40.0,-2.666666666666667,36.0
258,86.0,39.0,-1.1666666666666667,36.0
259,86.0,41.0,-2.1666666666666665,36.0
260,86.0,39.0,-2.0,36.0
261,87.0,40.0,-4.166666666666666,36.0
262,87.0,40.0,-2.1666666666666665,36.0
263,87.0,38.0,-2.8333333333333335,36.0
264,88.0,43.0,-3.8333333333333335,36.0
265,88.0,42.0,-3.333333333333333,36.0
266,88.0,42.0,-2.8333333333333335,36.0
267,89.0,43.0,-5.166666666666666,36.0
268,89.0,43.0,-3.6666666666666665,36.0
269,89.0,38.0,-2.333333333333333,36.0
270,90.0,37.0,-2.666666666666667,36.0
271,90.0,39.0,-3.666666666666667,36.0
272,90.0,39.0,-2.6666666666666665,36.0
273,91.0,39.0,-2.666666666666667,36.0
274,91.0,42.0,-3.333333333333333,36.0
275,91.0,41.0,-2.5,36.0
276,92.0,43.0,-3.8333333333333335,36.0
277,92.0,38.0,-3.166666666666667,36.0
278,92.0,37.0,-1.3333333333333333,36.0
279,93.0,40.0,-3.666666666666667,36.0
280,93.0,37.0,-2.0,36.0
281,93.0,38.0,-2.5,36.0
282,94.0,42.0,-5.333333333333334,36.0
283,94.0,39.0,-3.666666666666667,36.0
284,94.0,40.0,-3.1666666666666665,36.0
285,95.0,41.0,-4.0,36.0
286,95.0,35.0,-2.6666666666666665,35.0
287,95.0,43.0,-5.0,35.0
288,96.0,41.0,-3.166666666666667,35.0
289,96.0,42.0,-4.666666666666667,35.0
290,96.0,39.0,-4.0,35.0
291,97.0,41.0,-5.333333333333333,35.0
292,97.0,39.0,-3.333333333333333,35.0
293,97.0,39.0,-3.5,35.0
294,98.0,37.0,-2.3333333333333335,35.0
295,98.0,37.0,-2.3333333333333335,35.0
296,98.0,39.0,-2.1666666666666665,35.0
297,99.0,36.0,-0.6666666666666666,35.0
298,99.0,40.0,-4.166666666666667,35.0
299,99.0,40.0,-4.5,35.0
300,100.0,38.0,-2.0,35.0
301,100.0,35.0,-2.6666666666666665,35.0
302,100.0,37.0,-2.0,35.0
303,101.0,37.0,-1.1666666666666665,35.0
304,101.0,39.0,-3.1666666666666665,35.0
305,101.0,38.0,-2.0,35.0
306,102.0,37.0,-1.8333333333333333,35.0
307,102.0,37.0,-1.6666666666666667,35.0
308,102.0,38.0,-1.1666666666666665,35.0
309,103.0,37.0,-2.0,35.0
310,103.0,35.0,-1.8333333333333333,35.0
311,103.0,41.0,-3.8333333333333335,35.0
312,104.0,37.0,-1.8333333333333333,35.0
313,104.0,38.0,-2.1666666666666665,35.0
314,104.0,45.0,-10.0,35.0
315,105.0,37.0,-2.6666666666666665,35.0
316,105.0,40.0,-2.333333333333333,35.0
317,105.0,38.0,-3.1666666666666665,35.0
318,106.0,39.0,-4.0,35.0
319,106.0,38.0,-4.166666666666666,35.0
320,106.0,37.0,-2.1666666666666665,35.0
321,107.0,40.0,-3.0,35.0
322,107.0,41.0,-4.666666666666666,35.0
323,107.0,39.0,-4.666666666666666,35.0
324,108.0,37.0,-1.6666666666666667,35.0
325,108.0,38.0,-4.166666666666666,35.0
326,108.0,42.0,-6.333333333333333,35.0
327,109.0,45.0,-9.666666666666666,35.0
328,109.0,38.0,-4.333333333333333,35.0
329,109.0,40.0,-3.3333333333333335,35.0
330,110.0,40.0,-2.333333333333333,35.0
331,110.0,41.0,-3.6666666666666665,35.0
332,110.0,36.0,-2.8333333333333335,35.0
333,111.0,41.0,-3.6666666666666665,35.0
334,111.0,37.0,-2.0,35.0
335,111.0,39.0,-3.5,35.0
336,112.0,39.0,-2.1666666666666665,35.0
337,112.0,39.0,-2.1666666666666665,35.0
338,112.0,39.0,-2.3333333333333335,35.0
339,113.0,39.0,-2.333333333333333,35.0
340,113.0,40.0,-2.6666666666666665,35.0
341,113.0,36.0,-1.8333333333333333,35.0
342,114.0,38.0,-2.3333333333333335,35.0
343,114.0,39.0,-2.8333333333333335,35.0
344,114.0,41.0,-2.6666666666666665,35.0
345,115.0,38.0,-1.1666666666666665,35.0
346,115.0,39.0,-2.6666666666666665,35.0
347,115.0,38.0,-1.1666666666666667,35.0
348,116.0,42.0,-7.833333333333333,35.0
349,116.0,38.0,-2.0,35.0
350,116.0,37.0,-3.166666666666667,35.0
351,117.0,40.0,-3.1666666666666665,35.0
352,117.0,40.0,-3.333333333333333,35.0
353,117.0,36.0,-1.6666666666666667,35.0
354,118.0,38.0,-2.3333333333333335,35.0
355,118.0,38.0,-2.5,35.0
356,118.0,35.0,-2.0,35.0
357,119.0,37.0,-3.666666666666667,35.0
358,119.0,40.0,-2.5,35.0
359,119.0,39.0,-2.333333333333333,35.0
360,120.0,36.0,-1.3333333333333335,35.0
361,120.0,40.0,-2.5,35.0
362,120.0,44.0,-5.833333333333333,35.0
363,121.0,38.0,-3.0,35.0
364,121.0,42.0,-3.5,35.0
365,121.0,38.0,-1.3333333333333333,35.0
366,122.0,39.0,-2.1666666666666665,35.0
367,122.0,39.0,-2.8333333333333335,35.0
368,122.0,39.0,-2.9999999999999996,35.0
369,123.0,37.0,-3.6666666666666665,35.0
370,123.0,39.0,-4.0,35.0
371,123.0,37.0,-1.5,35.0
372,124.0,39.0,-4.0,35.0
373,124.0,40.0,-2.6666666666666665,35.0
374,124.0,35.0,-1.1666666666666665,35.0
375,125.0,40.0,-4.0,35.0
376,125.0,42.0,-4.833333333333334,35.0
377,125.0,39.0,-2.1666666666666665,35.0
378,126.0,37.0,-2.0,35.0
379,126.0,40.0,-3.0,35.0
380,126.0,40.0,-5.0,35.0
381,127.0,47.0,-7.166666666666666,35.0
382,127.0,39.0,-2.3333333333333335,35.0
383,127.0,35.0,-0.6666666666666666,35.0
384,128.0,39.0,-2.8333333333333335,35.0
385,128.0,39.0,-4.0,35.0
386,128.0,41.0,-5.166666666666666,35.0
387,129.0,38.0,-2.6666666666666665,35.0
388,129.0,40.0,-3.6666666666666665,35.0
389,129.0,38.0,-2.3333333333333335,35.0
390,130.0,40.0,-5.5,35.0
391,130.0,39.0,-3.8333333333333335,35.0
392,130.0,35.0,-1.8333333333333333,35.0
393,131.0,37.0,-3.5,35.0
394,131.0,39.0,-2.5,35.0
395,131.0,40.0,-3.3333333333333335,35.0
396,132.0,38.0,-3.5,35.0
397,132.0,42.0,-3.166666666666667,35.0
398,132.0,38.0,-2.3333333333333335,35.0
399,133.0,41.0,-4.166666666666666,35.0
400,133.0,39.0,-1.6666666666666667,35.0
401,133.0,39.0,-2.6666666666666665,35.0
402,134.0,39.0,-2.5,35.0
403,134.0,37.0,-2.666666666666667,35.0
404,134.0,41.0,-4.5,35.0
405,135.0,38.0,-2.666666666666667,35.0
406,135.0,40.0,-4.166666666666667,35.0
407,135.0,36.0,-2.3333333333333335,35.0
408,136.0,39.0,-2.3333333333333335,35.0
409,136.0,39.0,-2.333333333333333,35.0
410,136.0,40.0,-3.5,35.0
411,137.0,38.0,-2.1666666666666665,35.0
412,137.0,40.0,-1.6666666666666667,35.0
413,137.0,38.0,-2.666666666666667,35.0
414,138.0,39.0,-2.333333333333333,35.0
415,138.0,39.0,-4.333333333333333,35.0
416,138.0,40.0,-4.666666666666666,35.0
417,139.0,39.0,-2.1666666666666665,35.0
418,139.0,40.0,-2.1666666666666665,35.0
419,139.0,39.0,-2.833333333333333,35.0
420,140.0,41.0,-4.333333333333334,35.0
421,140.0,35.0,-1.8333333333333333,35.0
422,140.0,41.0,-4.333333333333333,35.0
423,141.0,40.0,-2.6666666666666665,35.0
424,141.0,38.0,-1.8333333333333333,35.0
425,141.0,36.0,-1.1666666666666665,35.0
426,142.0,38.0,-3.333333333333333,35.0
427,142.0,37.0,-2.833333333333333,35.0
428,142.0,37.0,-2.0,35.0
429,143.0,39.0,-4.166666666666666,35.0
430,143.0,40.0,-4.333333333333334,35.0
431,143.0,38.0,-1.5,35.0
432,144.0,38.0,-3.1666666666666665,35.0
433,144.0,38.0,-2.6666666666666665,35.0
434,144.0,37.0,-1.8333333333333335,35.0
435,145.0,38.0,-3.5,35.0
436,145.0,43.0,-3.833333333333333,35.0
437,145.0,38.0,-3.6666666666666665,35.0
438,146.0,35.0,-2.333333333333333,35.0
439,146.0,37.0,-2.333333333333333,35.0
440,146.0,40.0,-4.5,35.0
441,147.0,37.0,-1.0,35.0
442,147.0,39.0,-5.333333333333333,35.0
443,147.0,39.0,-2.833333333333333,35.0
444,148.0,38.0,-2.5,35.0
445,148.0,38.0,-1.5,35.0
446,148.0,39.0,-4.333333333333333,35.0
447,149.0,38.0,-2.333333333333333,35.0
448,149.0,41.0,-4.0,35.0
449,149.0,40.0,-3.166666666666667,35.0
450,150.0,38.0,-2.3333333333333335,35.0
451,150.0,36.0,-1.3333333333333333,35.0
452,150.0,40.0,-3.5,35.0
453,151.0,42.0,-2.6666666666666665,35.0
454,151.0,40.0,-2.5,35.0
455,151.0,39.0,-2.833333333333333,35.0
456,152.0,39.0,-4.0,35.0
457,152.0,40.0,-3.166666666666667,35.0
458,152.0,39.0,-2.333333333333333,35.0
459,153.0,39.0,-2.5,35.0
460,153.0,39.0,-2.1666666666666665,35.0
461,153.0,37.0,-1.5,35.0
462,154.0,39.0,-2.5,35.0
463,154.0,38.0,-2.5,35.0
464,154.0,41.0,-2.8333333333333335,35.0
465,155.0,36.0,-3.5,35.0
466,155.0,37.0,-3.5,35.0
467,155.0,34.0,-1.8333333333333333,34.0
468,156.0,41.0,-5.833333333333333,34.0
469,156.0,37.0,-1.6666666666666667,34.0
470,156.0,36.0,-1.5,34.0
471,157.0,34.0,-2.1666666666666665,34.0
472,157.0,36.0,-1.0,34.0
473,157.0,38.0,-2.333333333333333,34.0
474,158.0,38.0,-3.5,34.0
475,158.0,41.0,-3.333333333333333,34.0
476,158.0,40.0,-2.333333333333333,34.0
477,159.0,37.0,-3.0,34.0
478,159.0,38.0,-1.8333333333333335,34.0
479,159.0,40.0,-5.0,34.0
480,160.0,37.0,-3.0,34.0
481,160.0,37.0,-1.5,34.0
482,160.0,39.0,-5.666666666666666,34.0
483,161.0,40.0,-3.666666666666667,34.0
484,161.0,35.0,-2.3333333333333335,34.0
485,161.0,36.0,-3.0,34.0
486,162.0,35.0,-2.1666666666666665,34.0
487,162.0,38.0,-3.9999999999999996,34.0
488,162.0,39.0,-2.166666666666667,34.0
489,163.0,36.0,-2.6666666666666665,34.0
490,163.0,37.0,-1.3333333333333333,34.0
491,163.0,36.0,-2.166666666666667,34.0
492,164.0,39.0,-1.6666666666666667,34.0
493,164.0,36.0,-2.833333333333333,34.0
494,164.0,37.0,-2.1666666666666665,34.0
495,165.0,39.0,-2.5,34.0
496,165.0,40.0,-1.8333333333333333,34.0
497,165.0,40.0,-3.0,34.0
498,166.0,36.0,-2.833333333333333,34.0
499,166.0,37.0,-3.0,34.0
500,166.0,39.0,-4.0,34.0
501,167.0,39.0,-4.0,34.0
502,167.0,40.0,-4.0,34.0
503,167.0,37.0,-2.1666666666666665,34.0
504,168.0,38.0,-2.5,34.0
505,168.0,39.0,-2.5,34.0
506,168.0,39.0,-2.6666666666666665,34.0
507,169.0,38.0,-1.5,34.0
508,169.0,39.0,-2.833333333333333,34.0
509,169.0,37.0,-2.833333333333333,34.0
510,170.0,38.0,-2.333333333333333,34.0
511,170.0,37.0,-4.166666666666666,34.0
512,170.0,39.0,-2.666666666666667,34.0
513,171.0,38.0,-4.0,34.0
514,171.0,35.0,-1.8333333333333333,34.0
515,171.0,36.0,-2.8333333333333335,34.0
516,172.0,37.0,-3.0,34.0
517,172.0,39.0,-1.1666666666666665,34.0
518,172.0,37.0,-1.5,34.0
519,173.0,38.0,-3.0,34.0
520,173.0,39.0,-4.0,34.0
521,173.0,39.0,-3.166666666666667,34.0
522,174.0,38.0,-2.333333333333333,34.0
523,174.0,39.0,-1.8333333333333333,34.0
524,174.0,36.0,-3.5,34.0
525,175.0,35.0,-2.1666666666666665,34.0
526,175.0,37.0,-2.1666666666666665,34.0
527,175.0,41.0,-7.666666666666666,34.0
528,176.0,39.0,-4.333333333333333,34.0
529,176.0,39.0,-1.8333333333333333,34.0
530,176.0,38.0,-1.6666666666666667,34.0
531,177.0,37.0,-1.6666666666666667,34.0
532,177.0,37.0,-3.333333333333333,34.0
533,177.0,42.0,-4.166666666666667,34.0
534,178.0,40.0,-5.0,34.0
535,178.0,40.0,-3.0,34.0
536,178.0,39.0,-2.0,34.0
537,179.0,38.0,-1.0,34.0
538,179.0,37.0,-2.6666666666666665,34.0
539,179.0,36.0,-2.5,34.0
540,180.0,36.0,-2.1666666666666665,34.0
541,180.0,36.0,-0.8333333333333333,34.0
542,180.0,38.0,-2.0,34.0
543,181.0,38.0,-2.833333333333333,34.0
544,181.0,38.0,-3.8333333333333335,34.0
545,181.0,37.0,-1.3333333333333335,34.0
546,182.0,37.0,-3.833333333333333,34.0
547,182.0,37.0,-1.8333333333333333,34.0
548,182.0,34.0,-2.666666666666667,34.0
549,183.0,39.0,-3.833333333333333,34.0
550,183.0,40.0,-5.166666666666666,34.0
551,183.0,36.0,-3.5,34.0
552,184.0,37.0,-2.5,34.0
553,184.0,36.0,-1.1666666666666667,34.0
554,184.0,38.0,-5.5,34.0
555,185.0,40.0,-3.1666666666666665,34.0
556,185.0,40.0,-4.166666666666666,34.0
557,185.0,39.0,-3.1666666666666665,34.0
558,186.0,43.0,-3.8333333333333335,34.0
559,186.0,40.0,-1.8333333333333335,34.0
560,186.0,38.0,-2.1666666666666665,34.0
561,187.0,40.0,-3.5,34.0
562,187.0,43.0,-3.5,34.0
563,187.0,38.0,-1.8333333333333333,34.0
564,188.0,35.0,-1.6666666666666667,34.0
565,188.0,39.0,-2.8333333333333335,34.0
566,188.0,36.0,-2.833333333333333,34.0
567,189.0,40.0,-4.833333333333333,34.0
568,189.0,38.0,-1.3333333333333335,34.0
569,189.0,36.0,-2.666666666666667,34.0
570,190.0,40.0,-3.1666666666666665,34.0
571,190.0,39.0,-4.0,34.0
572,190.0,36.0,-1.6666666666666665,34.0
573,191.0,38.0,-1.6666666666666665,34.0
574,191.0,41.0,-6.499999999999999,34.0
575,191.0,38.0,-2.8333333333333335,34.0
576,192.0,41.0,-4.833333333333333,34.0
577,192.0,36.0,-0.6666666666666666,34.0
578,192.0,39.0,-5.0,34.0
579,193.0,38.0,-3.3333333333333335,34.0
580,193.0,39.0,-2.1666666666666665,34.0
581,193.0,37.0,-2.1666666666666665,34.0
582,194.0,40.0,-1.3333333333333333,34.0
583,194.0,35.0,-1.0,34.0
584,194.0,38.0,-2.0,34.0
585,195.0,39.0,-4.166666666666666,34.0
586,195.0,37.0,-1.6666666666666667,34.0
587,195.0,42.0,-4.5,34.0
588,196.0,37.0,-2.1666666666666665,34.0
589,196.0,38.0,-1.8333333333333333,34.0
590,196.0,37.0,-2.8333333333333335,34.0
591,197.0,37.0,-3.1666666666666665,34.0
592,197.0,35.0,-2.1666666666666665,34.0
593,197.0,36.0,-2.333333333333333,34.0
594,198.0,36.0,-1.3333333333333333,34.0
595,198.0,37.0,-1.5,34.0
596,198.0,39.0,-1.0,34.0
597,199.0,38.0,-5.499999999999999,34.0
598,199.0,38.0,-3.833333333333333,34.0
599,199.0,39.0,-3.5,34.0
600,200.0,39.0,-3.3333333333333335,34.0
601,200.0,39.0,-2.8333333333333335,34.0
602,200.0,37.0,-3.6666666666666665,34.0
603,201.0,37.0,-2.3333333333333335,34.0
604,201.0,39.0,-2.5,34.0
605,201.0,39.0,-2.9999999999999996,34.0
606,202.0,36.0,-1.1666666666666667,34.0
607,202.0,37.0,-1.8333333333333333,34.0
608,202.0,39.0,-4.666666666666667,34.0
609,203.0,40.0,-3.833333333333333,34.0
610,203.0,37.0,-4.833333333333334,34.0
611,203.0,39.0,-3.5,34.0
612,204.0,37.0,-2.666666666666667,34.0
613,204.0,40.0,-3.8333333333333335,34.0
614,204.0,37.0,-4.166666666666667,34.0
615,205.0,38.0,-4.333333333333334,34.0
616,205.0,39.0,-2.3333333333333335,34.0
617,205.0,42.0,-6.500000000000001,34.0
618,206.0,36.0,-2.333333333333333,34.0
619,206.0,37.0,-2.6666666666666665,34.0
620,206.0,43.0,-3.3333333333333335,34.0
621,207.0,38.0,-2.8333333333333335,34.0
622,207.0,38.0,-2.0,34.0
623,207.0,39.0,-1.6666666666666667,34.0
624,208.0,40.0,-2.5,34.0
625,208.0,42.0,-6.999999999999999,34.0
626,208.0,38.0,-2.5,34.0
627,209.0,35.0,-2.0,34.0
628,209.0,37.0,-1.6666666666666667,34.0
629,209.0,45.0,-4.5,34.0
630,210.0,41.0,-3.5,34.0
631,210.0,36.0,-3.6666666666666665,34.0
632,210.0,36.0,-2.8333333333333335,34.0
633,211.0,36.0,-2.0,34.0
634,211.0,38.0,-2.333333333333333,34.0
635,211.0,40.0,-2.0,34.0
636,212.0,37.0,-3.0,34.0
637,212.0,37.0,-4.333333333333333,34.0
638,212.0,34.0,-1.6666666666666667,34.0
639,213.0,37.0,-1.5,34.0
640,213.0,36.0,-2.6666666666666665,34.0
641,213.0,41.0,-3.5,34.0
642,214.0,38.0,-2.8333333333333335,34.0
643,214.0,39.0,-2.666666666666667,34.0
644,214.0,35.0,-2.333333333333333,34.0
645,215.0,39.0,-3.3333333333333335,34.0
646,215.0,39.0,-4.5,34.0
647,215.0,36.0,-3.3333333333333335,34.0
648,216.0,38.0,-2.0,34.0
649,216.0,37.0,-2.0,34.0
650,216.0,37.0,-1.5,34.0
651,217.0,35.0,-0.8333333333333333,34.0
652,217.0,37.0,-1.3333333333333333,34.0
653,217.0,37.0,-1.1666666666666665,34.0
654,218.0,36.0,-1.8333333333333333,34.0
655,218.0,35.0,-3.5,34.0
656,218.0,39.0,-1.6666666666666667,34.0
657,219.0,35.0,-1.3333333333333335,34.0
658,219.0,38.0,-3.5,34.0
659,219.0,34.0,-1.3333333333333335,34.0
660,220.0,38.0,-1.8333333333333333,34.0
661,220.0,38.0,-3.833333333333333,34.0
662,220.0,37.0,-2.6666666666666665,34.0
663,221.0,40.0,-2.6666666666666665,34.0
664,221.0,36.0,-1.3333333333333333,34.0
665,221.0,37.0,-3.0,34.0
666,222.0,38.0,-1.6666666666666667,34.0
667,222.0,36.0,-1.8333333333333333,34.0
668,222.0,38.0,-2.833333333333333,34.0
669,223.0,37.0,-4.5,34.0
670,223.0,39.0,-3.166666666666667,34.0
671,223.0,39.0,-4.5,34.0
672,224.0,38.0,-3.0,34.0
673,224.0,38.0,-0.8333333333333334,34.0
674,224.0,37.0,-2.5,34.0
675,225.0,35.0,-1.6666666666666665,34.0
676,225.0,38.0,-2.833333333333333,34.0
677,225.0,36.0,-3.1666666666666665,34.0
678,226.0,38.0,-2.1666666666666665,34.0
679,226.0,39.0,-3.333333333333333,34.0
680,226.0,38.0,-3.166666666666667,34.0
681,227.0,35.0,-5.0,34.0
682,227.0,40.0,-2.3333333333333335,34.0
683,227.0,39.0,-2.5,34.0
684,228.0,42.0,-3.0,34.0
685,228.0,40.0,-4.333333333333333,34.0
686,228.0,41.0,-3.6666666666666665,34.0
687,229.0,38.0,-1.0,34.0
688,229.0,42.0,-2.8333333333333335,34.0
689,229.0,39.0,-2.1666666666666665,34.0
690,230.0,39.0,-1.6666666666666667,34.0
691,230.0,38.0,-3.0,34.0
692,230.0,38.0,-3.8333333333333335,34.0
693,231.0,39.0,-2.3333333333333335,34.0
694,231.0,39.0,-2.6666666666666665,34.0
695,231.0,39.0,-4.166666666666667,34.0
696,232.0,40.0,-1.6666666666666667,34.0
697,232.0,38.0,-2.0,34.0
698,232.0,39.0,-2.1666666666666665,34.0
699,233.0,41.0,-4.5,34.0
700,233.0,41.0,-3.0,34.0
701,233.0,41.0,-2.6666666666666665,34.0
702,234.0,37.0,-1.6666666666666667,34.0
703,234.0,39.0,-4.5,34.0
704,234.0,42.0,-2.6666666666666665,34.0
705,235.0,41.0,-3.666666666666667,34.0
706,235.0,40.0,-2.0,34.0
707,235.0,37.0,-2.8333333333333335,34.0
708,236.0,37.0,-1.1666666666666667,34.0
709,236.0,35.0,-1.6666666666666665,34.0
710,236.0,38.0,-2.0,34.0
711,237.0,38.0,-2.0,34.0
712,237.0,37.0,-1.8333333333333335,34.0
713,237.0,38.0,-1.8333333333333333,34.0
714,238.0,39.0,-2.833333333333333,34.0
715,238.0,40.0,-2.1666666666666665,34.0
716,238.0,38.0,-1.8333333333333333,34.0
717,239.0,39.0,-1.6666666666666665,34.0
718,239.0,38.0,-2.0,34.0
719,239.0,40.0,-4.833333333333334,34.0
720,240.0,38.0,-1.3333333333333335,34.0
721,240.0,40.0,-4.0,34.0
722,240.0,40.0,-3.333333333333333,34.0
723,241.0,37.0,-3.6666666666666665,34.0
724,241.0,42.0,-6.5,34.0
725,241.0,39.0,-2.6666666666666665,34.0
726,242.0,40.0,-4.0,34.0
727,242.0,40.0,-3.8333333333333335,34.0
728,242.0,39.0,-2.6666666666666665,34.0
729,243.0,41.0,-2.1666666666666665,34.0
730,243.0,40.0,-2.833333333333333,34.0
731,243.0,40.0,-1.6666666666666667,34.0
732,244.0,41.0,-3.666666666666667,34.0
733,244.0,40.0,-2.666666666666667,34.0
734,244.0,39.0,-2.6666666666666665,34.0
735,245.0,40.0,-4.666666666666666,34.0
736,245.0,38.0,-2.6666666666666665,34.0
737,245.0,42.0,-3.5,34.0
738,246.0,39.0,-3.6666666666666665,34.0
739,246.0,37.0,-2.6666666666666665,34.0
740,246.0,38.0,-3.5,34.0
741,247.0,37.0,-2.3333333333333335,34.0
742,247.0,39.0,-4.0,34.0
743,247.0,39.0,-2.1666666666666665,34.0
744,248.0,39.0,-2.833333333333333,34.0
745,248.0,38.0,-1.8333333333333335,34.0
746,248.0,42.0,-5.5,34.0
747,249.0,40.0,-1.6666666666666667,34.0
748,249.0,38.0,-3.0,34.0
749,249.0,41.0,-3.1666666666666665,34.0
750,250.0,38.0,-2.1666666666666665,34.0
751,250.0,39.0,-3.0,34.0
752,250.0,39.0,-2.833333333333333,34.0
753,251.0,36.0,-1.5,34.0
754,251.0,40.0,-1.8333333333333333,34.0
755,251.0,36.0,-1.3333333333333333,34.0
756,252.0,39.0,-1.6666666666666667,34.0
757,252.0,39.0,-2.333333333333333,34.0
758,252.0,38.0,-1.6666666666666667,34.0
759,253.0,37.0,-2.5,34.0
760,253.0,39.0,-2.6666666666666665,34.0
761,253.0,38.0,-1.8333333333333335,34.0
762,254.0,38.0,-2.833333333333333,34.0
763,254.0,36.0,-1.6666666666666665,34.0
764,254.0,40.0,-4.166666666666666,34.0
765,255.0,36.0,-1.8333333333333335,34.0
766,255.0,38.0,-1.5,34.0
767,255.0,37.0,-2.3333333333333335,34.0
768,256.0,39.0,-2.1666666666666665,34.0
769,256.0,38.0,-3.0,34.0
770,256.0,42.0,-4.166666666666666,34.0
771,257.0,39.0,-2.0,34.0
772,257.0,39.0,-2.8333333333333335,34.0
773,257.0,40.0,-2.0,34.0
774,258.0,38.0,-2.8333333333333335,34.0
775,258.0,36.0,-2.1666666666666665,34.0
776,258.0,39.0,-1.8333333333333333,34.0
777,259.0,42.0,-3.166666666666667,34.0
778,259.0,39.0,-2.3333333333333335,34.0
779,259.0,38.0,-1.6666666666666667,34.0
780,260.0,41.0,-1.8333333333333333,34.0
781,260.0,38.0,-2.1666666666666665,34.0
782,260.0,38.0,-1.6666666666666667,34.0
783,261.0,38.0,-2.3333333333333335,34.0
784,261.0,40.0,-3.6666666666666665,34.0
785,261.0,39.0,-2.0,34.0
786,262.0,37.0,-5.0,34.0
787,262.0,36.0,-1.5,34.0
788,262.0,40.0,-2.5,34.0
789,263.0,37.0,-2.0,34.0
790,263.0,41.0,-4.333333333333333,34.0
791,263.0,40.0,-3.5,34.0
792,264.0,41.0,-3.1666666666666665,34.0
793,264.0,38.0,-2.0,34.0
794,264.0,42.0,-2.6666666666666665,34.0
795,265.0,39.0,-3.8333333333333335,34.0
796,265.0,38.0,-3.0,34.0
797,265.0,41.0,-3.5,34.0
798,266.0,38.0,-4.833333333333333,34.0
799,266.0,39.0,-3.1666666666666665,34.0
800,266.0,38.0,-0.5,34.0
801,267.0,39.0,-3.6666666666666665,34.0
802,267.0,38.0,-1.5,34.0
803,267.0,40.0,-4.833333333333334,34.0
804,268.0,39.0,-2.3333333333333335,34.0
805,268.0,39.0,-1.8333333333333333,34.0
806,268.0,41.0,-3.666666666666667,34.0
807,269.0,38.0,-3.6666666666666665,34.0
808,269.0,37.0,-3.3333333333333335,34.0
809,269.0,41.0,-3.1666666666666665,34.0
810,270.0,39.0,-3.0,34.0
811,270.0,40.0,-2.5,34.0
812,270.0,40.0,-3.166666666666667,34.0
813,271.0,39.0,-3.1666666666666665,34.0
814,271.0,40.0,-2.5,34.0
815,271.0,41.0,-2.0,34.0
816,272.0,40.0,-2.833333333333333,34.0
817,272.0,41.0,-4.333333333333333,34.0
818,272.0,42.0,-5.0,34.0
819,273.0,43.0,-5.666666666666666,34.0
820,273.0,40.0,-1.1666666666666667,34.0
821,273.0,38.0,-1.5,34.0
822,274.0,38.0,-2.0,34.0
823,274.0,40.0,-1.1666666666666665,34.0
824,274.0,38.0,-2.3333333333333335,34.0
825,275.0,41.0,-3.1666666666666665,34.0
826,275.0,42.0,-5.0,34.0
827,275.0,42.0,-2.0,34.0
828,276.0,37.0,-0.5,34.0
829,276.0,40.0,-2.666666666666667,34.0
830,276.0,41.0,-1.8333333333333335,34.0
831,277.0,39.0,-3.666666666666667,34.0
832,277.0,42.0,-1.6666666666666667,34.0
833,277.0,41.0,-2.5,34.0
834,278.0,38.0,-2.0,34.0
835,278.0,39.0,-2.333333333333333,34.0
836,278.0,38.0,-1.1666666666666665,34.0
837,279.0,39.0,-3.0,34.0
838,279.0,39.0,-3.0,34.0
839,279.0,38.0,-2.0,34.0
840,280.0,40.0,-3.166666666666667,34.0
841,280.0,40.0,-2.333333333333333,34.0
842,280.0,40.0,-2.0,34.0
843,281.0,42.0,-2.1666666666666665,34.0
844,281.0,39.0,-2.6666666666666665,34.0
845,281.0,39.0,-2.1666666666666665,34.0
846,282.0,41.0,-4.833333333333333,34.0
847,282.0,40.0,-2.0,34.0
848,282.0,39.0,-2.833333333333333,34.0
849,283.0,43.0,-3.666666666666667,34.0
850,283.0,40.0,-1.3333333333333333,34.0
851,283.0,39.0,-1.6666666666666665,34.0
852,284.0,42.0,-4.999999999999999,34.0
853,284.0,41.0,-3.0,34.0
854,284.0,41.0,-2.833333333333333,34.0
855,285.0,41.0,-2.833333333333333,34.0
856,285.0,41.0,-1.8333333333333335,34.0
857,285.0,41.0,-3.6666666666666665,34.0
858,286.0,39.0,-2.3333333333333335,34.0
859,286.0,38.0,-1.3333333333333333,34.0
860,286.0,40.0,-2.5,34.0
861,287.0,41.0,-2.5,34.0
862,287.0,40.0,-2.8333333333333335,34.0
863,287.0,41.0,-2.6666666666666665,34.0
864,288.0,40.0,-3.166666666666667,34.0
865,288.0,40.0,-2.166666666666667,34.0
866,288.0,41.0,-2.1666666666666665,34.0
867,289.0,40.0,-2.1666666666666665,34.0
868,289.0,43.0,-2.8333333333333335,34.0
869,289.0,40.0,-1.8333333333333335,34.0
870,290.0,41.0,-3.1666666666666665,34.0
871,290.0,38.0,-1.8333333333333335,34.0
872,290.0,39.0,-1.8333333333333335,34.0
873,291.0,41.0,-2.166666666666667,34.0
874,291.0,39.0,-0.8333333333333334,34.0
875,291.0,41.0,-2.1666666666666665,34.0
876,292.0,38.0,-1.8333333333333333,34.0
877,292.0,38.0,-1.1666666666666665,34.0
878,292.0,37.0,-0.8333333333333333,34.0
879,293.0,42.0,-3.833333333333333,34.0
880,293.0,41.0,-2.1666666666666665,34.0
881,293.0,41.0,-3.166666666666667,34.0
882,294.0,40.0,-2.5,34.0
883,294.0,41.0,-2.333333333333333,34.0
884,294.0,38.0,-1.8333333333333333,34.0
885,295.0,37.0,-1.5,34.0
886,295.0,39.0,-2.5,34.0
887,295.0,41.0,-2.666666666666667,34.0
888,296.0,40.0,-1.8333333333333333,34.0
889,296.0,41.0,-1.5,34.0
890,296.0,39.0,-1.0,34.0
891,297.0,41.0,-3.333333333333333,34.0
892,297.0,39.0,-3.1666666666666665,34.0
893,297.0,38.0,-1.8333333333333335,34.0
894,298.0,42.0,-6.0,34.0
895,298.0,41.0,-1.3333333333333335,34.0
896,298.0,42.0,-4.166666666666667,34.0
897,299.0,40.0,-1.5,34.0
898,299.0,39.0,-2.0,34.0
899,299.0,41.0,-3.0,34.0
900,300.0,39.0,-2.6666666666666665,34.0
901,300.0,39.0,-1.3333333333333333,34.0
902,300.0,39.0,-2.0,34.0
903,301.0,38.0,-1.6666666666666665,34.0
904,301.0,43.0,-3.333333333333333,34.0
905,301.0,40.0,-1.5,34.0
906,302.0,37.0,-1.0,34.0
907,302.0,39.0,-1.5,34.0
908,302.0,39.0,-1.5,34.0
909,303.0,37.0,-1.1666666666666667,34.0
910,303.0,41.0,-4.166666666666666,34.0
911,303.0,39.0,-1.0,34.0
912,304.0,40.0,-1.6666666666666665,34.0
913,304.0,39.0,-3.3333333333333335,34.0
914,304.0,38.0,-2.1666666666666665,34.0
915,305.0,39.0,-2.6666666666666665,34.0
916,305.0,38.0,-3.3333333333333335,34.0
917,305.0,41.0,-4.333333333333334,34.0
918,306.0,38.0,-1.5,34.0
919,306.0,38.0,-1.8333333333333333,34.0
920,306.0,39.0,-3.5,34.0
921,307.0,41.0,-4.166666666666666,34.0
922,307.0,38.0,-2.8333333333333335,34.0
923,307.0,39.0,-2.1666666666666665,34.0
924,308.0,39.0,-2.5,34.0
925,308.0,41.0,-3.6666666666666665,34.0
926,308.0,41.0,-2.5,34.0
927,309.0,38.0,-2.3333333333333335,34.0
928,309.0,42.0,-3.5,34.0
929,309.0,41.0,-3.5,34.0
930,310.0,42.0,-2.1666666666666665,34.0
931,310.0,41.0,-2.6666666666666665,34.0
932,310.0,39.0,-4.0,34.0
933,311.0,41.0,-2.5,34.0
934,311.0,38.0,-2.0,34.0
935,311.0,41.0,-4.0,34.0
936,312.0,40.0,-3.0,34.0
937,312.0,41.0,-1.6666666666666667,34.0
938,312.0,38.0,-0.5,34.0
939,313.0,39.0,-1.8333333333333335,34.0
940,313.0,38.0,-2.5,34.0
941,313.0,39.0,-2.3333333333333335,34.0
942,314.0,41.0,-4.833333333333334,34.0
943,314.0,41.0,-3.6666666666666665,34.0
944,314.0,39.0,-2.1666666666666665,34.0
945,315.0,39.0,-2.5,34.0
946,315.0,39.0,-1.6666666666666667,34.0
947,315.0,41.0,-3.1666666666666665,34.0
948,316.0,37.0,-2.1666666666666665,34.0
949,316.0,39.0,-2.666666666666667,34.0
950,316.0,40.0,-2.8333333333333335,34.0
951,317.0,42.0,-2.0,34.0
952,317.0,39.0,-2.5,34.0
953,317.0,37.0,-2.1666666666666665,34.0
954,318.0,38.0,-3.1666666666666665,34.0
955,318.0,37.0,-1.8333333333333333,34.0
956,318.0,37.0,-2.6666666666666665,34.0
957,319.0,37.0,-2.833333333333333,34.0
958,319.0,38.0,-5.166666666666667,34.0
959,319.0,34.0,-1.1666666666666667,34.0
960,320.0,40.0,-3.333333333333333,34.0
961,320.0,40.0,-3.166666666666667,34.0
962,320.0,34.0,-1.1666666666666667,34.0
963,321.0,39.0,-2.0,34.0
964,321.0,39.0,-3.666666666666667,34.0
965,321.0,36.0,-1.0,34.0
966,322.0,36.0,-2.1666666666666665,34.0
967,322.0,36.0,-3.166666666666667,34.0
968,322.0,35.0,-1.5,34.0
969,323.0,40.0,-4.166666666666667,34.0
970,323.0,40.0,-2.5,34.0
971,323.0,36.0,-3.1666666666666665,34.0
972,324.0,38.0,-3.166666666666667,34.0
973,324.0,41.0,-3.3333333333333335,34.0
974,324.0,40.0,-3.0,34.0
975,325.0,36.0,-1.1666666666666667,34.0
976,325.0,38.0,-4.333333333333334,34.0
977,325.0,38.0,-3.166666666666667,34.0
978,326.0,34.0,-1.8333333333333333,34.0
979,326.0,34.0,-1.1666666666666667,34.0
980,326.0,34.0,-2.5,34.0
981,327.0,38.0,-2.333333333333333,34.0
982,327.0,37.0,-2.833333333333333,34.0
983,327.0,38.0,-2.5,34.0
984,328.0,37.0,-2.3333333333333335,34.0
985,328.0,39.0,-2.1666666666666665,34.0
986,328.0,38.0,-2.3333333333333335,34.0
987,329.0,39.0,-3.6666666666666665,34.0
988,329.0,38.0,-2.0,34.0
989,329.0,37.0,-2.0,34.0
990,330.0,38.0,-3.6666666666666665,34.0
991,330.0,35.0,-1.8333333333333333,34.0
992,330.0,40.0,-3.666666666666667,34.0
993,331.0,34.0,-1.8333333333333335,34.0
994,331.0,38.0,-4.166666666666667,34.0
995,331.0,38.0,-3.0,34.0
996,332.0,40.0,-3.333333333333333,34.0
997,332.0,38.0,-1.6666666666666667,34.0
998,332.0,36.0,-3.8333333333333335,34.0
999,333.0,39.0,-1.6666666666666667,34.0
1000,333.0,37.0,-2.6666666666666665,34.0
1001,333.0,37.0,-1.8333333333333335,34.0
1002,334.0,37.0,-2.1666666666666665,34.0
1003,334.0,37.0,-1.8333333333333333,34.0
1004,334.0,37.0,-2.8333333333333335,34.0
1005,335.0,41.0,-5.666666666666667,34.0
1006,335.0,39.0,-3.1666666666666665,34.0
1007,335.0,34.0,-1.1666666666666667,34.0
1008,336.0,40.0,-3.0,34.0
1009,336.0,36.0,-1.3333333333333333,34.0
1010,336.0,36.0,-2.0,34.0
1011,337.0,35.0,-3.0,34.0
1012,337.0,35.0,-2.0,34.0
1013,337.0,40.0,-2.5,34.0
1014,338.0,39.0,-4.0,34.0
1015,338.0,38.0,-2.1666666666666665,34.0
1016,338.0,38.0,-3.1666666666666665,34.0
1017,339.0,37.0,-2.333333333333333,34.0
1018,339.0,36.0,-2.0,34.0
1019,339.0,35.0,-2.333333333333333,34.0
1020,340.0,37.0,-1.8333333333333333,34.0
1021,340.0,36.0,-1.6666666666666667,34.0
1022,340.0,38.0,-2.5,34.0
1023,341.0,36.0,-2.5,34.0
1024,341.0,39.0,-2.5,34.0
1025,341.0,38.0,-2.5,34.0
1026,342.0,38.0,-1.8333333333333335,34.0
1027,342.0,41.0,-2.833333333333333,34.0
1028,342.0,37.0,-2.8333333333333335,34.0
1029,343.0,36.0,-2.6666666666666665,34.0
1030,343.0,38.0,-1.5,34.0
1031,343.0,35.0,-0.5,34.0
1032,344.0,39.0,-3.3333333333333335,34.0
1033,344.0,37.0,-2.6666666666666665,34.0
1034,344.0,35.0,-1.3333333333333335,34.0
1035,345.0,39.0,-2.833333333333333,34.0
1036,345.0,36.0,-2.0,34.0
1037,345.0,36.0,-2.166666666666667,34.0
1038,346.0,36.0,-1.6666666666666665,34.0
1039,346.0,38.0,-1.8333333333333333,34.0
1040,346.0,34.0,-1.3333333333333333,34.0
1041,347.0,39.0,-2.6666666666666665,34.0
1042,347.0,37.0,-1.1666666666666667,34.0
1043,347.0,36.0,-1.6666666666666667,34.0
1044,348.0,37.0,-3.0,34.0
1045,348.0,37.0,-1.8333333333333335,34.0
1046,348.0,39.0,-3.1666666666666665,34.0
1047,349.0,38.0,-3.1666666666666665,34.0
1048,349.0,35.0,-2.5,34.0
1049,349.0,40.0,-3.1666666666666665,34.0
1050,350.0,38.0,-2.6666666666666665,34.0
1051,350.0,40.0,-2.3333333333333335,34.0
1052,350.0,38.0,-3.0,34.0
1053,351.0,35.0,-1.6666666666666667,34.0
1054,351.0,38.0,-3.166666666666667,34.0
1055,351.0,36.0,-2.6666666666666665,34.0
1056,352.0,36.0,-1.8333333333333335,34.0
1057,352.0,37.0,-3.0,34.0
1058,352.0,39.0,-2.833333333333333,34.0
1059,353.0,37.0,-2.3333333333333335,34.0
1060,353.0,37.0,-3.0,34.0
1061,353.0,37.0,-2.833333333333333,34.0
1062,354.0,39.0,-3.0,34.0
1063,354.0,38.0,-4.0,34.0
1064,354.0,36.0,-1.5,34.0
1065,355.0,35.0,-1.0,34.0
1066,355.0,37.0,-2.5,34.0
1067,355.0,36.0,-1.6666666666666667,34.0
1068,356.0,36.0,-2.833333333333333,34.0
1069,356.0,38.0,-2.5,34.0
1070,356.0,38.0,-1.8333333333333333,34.0
1071,357.0,38.0,-2.3333333333333335,34.0
1072,357.0,36.0,-2.5,34.0
1073,357.0,35.0,-1.8333333333333335,34.0
1074,358.0,40.0,-3.833333333333333,34.0
1075,358.0,35.0,-1.0,34.0
1076,358.0,36.0,-1.5,34.0
1077,359.0,40.0,-2.1666666666666665,34.0
1078,359.0,38.0,-3.5,34.0
1079,359.0,36.0,-0.8333333333333334,34.0
1080,360.0,38.0,-3.1666666666666665,34.0
1081,360.0,35.0,-1.1666666666666667,34.0
1082,360.0,38.0,-3.5,34.0
1083,361.0,36.0,-1.1666666666666667,34.0
1084,361.0,40.0,-3.3333333333333335,34.0
1085,361.0,40.0,-3.5,34.0
1086,362.0,36.0,-1.8333333333333335,34.0
1087,362.0,35.0,-1.6666666666666667,34.0
1088,362.0,36.0,-3.5,34.0
1089,363.0,38.0,-3.1666666666666665,34.0
1090,363.0,37.0,-2.5,34.0
1091,363.0,36.0,-2.1666666666666665,34.0
1092,364.0,38.0,-2.8333333333333335,34.0
1093,364.0,38.0,-2.5,34.0
1094,364.0,38.0,-2.833333333333333,34.0
1095,365.0,38.0,-2.6666666666666665,34.0
1096,365.0,37.0,-2.0,34.0
1097,365.0,38.0,-2.666666666666667,34.0
1098,366.0,38.0,-2.1666666666666665,34.0
1099,366.0,36.0,-2.0,34.0
1100,366.0,37.0,-2.8333333333333335,34.0
1101,367.0,36.0,-1.3333333333333333,34.0
1102,367.0,35.0,-2.0,34.0
1103,367.0,36.0,-1.5,34.0
1104,368.0,39.0,-3.0,34.0
1105,368.0,38.0,-2.6666666666666665,34.0
1106,368.0,38.0,-2.0,34.0
1107,369.0,36.0,-1.1666666666666667,34.0
1108,369.0,37.0,-2.6666666666666665,34.0
1109,369.0,36.0,-0.5,34.0
1110,370.0,35.0,-2.0,34.0
1111,370.0,33.0,-1.3333333333333335,33.0
1112,370.0,36.0,-2.6666666666666665,33.0
1113,371.0,36.0,-2.1666666666666665,33.0
1114,371.0,36.0,-2.0,33.0
1115,371.0,36.0,-1.1666666666666667,33.0
1116,372.0,35.0,-1.1666666666666667,33.0
1117,372.0,35.0,-2.0,33.0
1118,372.0,38.0,-4.166666666666667,33.0
1119,373.0,38.0,-3.333333333333333,33.0
1120,373.0,38.0,-3.5,33.0
1121,373.0,37.0,-2.8333333333333335,33.0
1122,374.0,38.0,-2.5,33.0
1123,374.0,36.0,-0.5,33.0
1124,374.0,36.0,-0.5,33.0
1125,375.0,37.0,-3.0,33.0
1126,375.0,35.0,-1.3333333333333333,33.0
1127,375.0,38.0,-3.833333333333333,33.0
1128,376.0,35.0,-1.6666666666666667,33.0
1129,376.0,38.0,-4.166666666666667,33.0
1130,376.0,37.0,-3.0,33.0
1131,377.0,37.0,-2.3333333333333335,33.0
1132,377.0,37.0,-1.6666666666666667,33.0
1133,377.0,36.0,-2.5,33.0
1134,378.0,37.0,-2.333333333333333,33.0
1135,378.0,35.0,-1.1666666666666667,33.0
1136,378.0,38.0,-2.5,33.0
1137,379.0,36.0,-1.6666666666666667,33.0
1138,379.0,35.0,-1.6666666666666665,33.0
1139,379.0,36.0,-0.5,33.0
1140,380.0,34.0,-1.5,33.0
1141,380.0,36.0,-2.8333333333333335,33.0
1142,380.0,37.0,-2.8333333333333335,33.0
1143,381.0,38.0,-1.8333333333333333,33.0
1144,381.0,38.0,-2.333333333333333,33.0
1145,381.0,36.0,-0.5,33.0
1146,382.0,36.0,-0.5,33.0
1147,382.0,38.0,-2.3333333333333335,33.0
1148,382.0,37.0,-2.6666666666666665,33.0
1149,383.0,38.0,-3.3333333333333335,33.0
1150,383.0,39.0,-3.1666666666666665,33.0
1151,383.0,36.0,-2.3333333333333335,33.0
1152,384.0,35.0,-1.1666666666666667,33.0
1153,384.0,36.0,-1.5,33.0
1154,384.0,36.0,-2.1666666666666665,33.0
1155,385.0,38.0,-4.333333333333333,33.0
1156,385.0,36.0,-1.8333333333333333,33.0
1157,385.0,37.0,-1.6666666666666667,33.0
1158,386.0,38.0,-2.6666666666666665,33.0
1159,386.0,36.0,-1.5,33.0
1160,386.0,36.0,-2.5,33.0
1161,387.0,36.0,-0.5,33.0
1162,387.0,35.0,-2.5,33.0
1163,387.0,36.0,-1.0,33.0
1164,388.0,38.0,-2.5,33.0
1165,388.0,38.0,-2.5,33.0
1166,388.0,36.0,-0.5,33.0
1167,389.0,36.0,-2.6666666666666665,33.0
1168,389.0,36.0,-1.6666666666666667,33.0
1169,389.0,40.0,-3.0,33.0
1170,390.0,39.0,-3.8333333333333335,33.0
1171,390.0,33.0,-1.0,33.0
1172,390.0,35.0,-0.6666666666666666,33.0
1173,391.0,39.0,-4.166666666666666,33.0
1174,391.0,36.0,-0.5,33.0
1175,391.0,35.0,-1.5,33.0
1176,392.0,35.0,-1.5,33.0
1177,392.0,37.0,-2.666666666666667,33.0
1178,392.0,38.0,-2.5,33.0
1179,393.0,37.0,-3.0,33.0
1180,393.0,36.0,-1.1666666666666667,33.0
1181,393.0,35.0,-1.1666666666666667,33.0
1182,394.0,37.0,-2.6666666666666665,33.0
1183,394.0,36.0,-0.5,33.0
1184,394.0,37.0,-1.8333333333333333,33.0
1185,395.0,36.0,-2.3333333333333335,33.0
1186,395.0,36.0,-0.5,33.0
1187,395.0,36.0,-1.1666666666666667,33.0
1188,396.0,37.0,-2.8333333333333335,33.0
1189,396.0,35.0,-2.0,33.0
1190,396.0,36.0,-1.6666666666666667,33.0
1191,397.0,38.0,-3.8333333333333335,33.0
1192,397.0,36.0,-1.6666666666666667,33.0
1193,397.0,35.0,-1.1666666666666667,33.0
1194,398.0,38.0,-1.8333333333333335,33.0
1195,398.0,36.0,-1.0,33.0
1196,398.0,36.0,-1.0,33.0
1197,399.0,36.0,-2.6666666666666665,33.0
1198,399.0,36.0,-0.5,33.0
1199,399.0,38.0,-2.5,33.0
1200,400.0,39.0,-3.1666666666666665,33.0
1201,400.0,35.0,-1.1666666666666667,33.0
1202,400.0,34.0,-1.5,33.0
1203,401.0,38.0,-2.5,33.0
1204,401.0,38.0,-2.5,33.0
1205,401.0,38.0,-2.5,33.0
1206,402.0,36.0,-2.3333333333333335,33.0
1207,402.0,35.0,-1.1666666666666667,33.0
1208,402.0,37.0,-2.5,33.0
1209,403.0,37.0,-2.3333333333333335,33.0
1210,403.0,35.0,-1.1666666666666667,33.0
1211,403.0,38.0,-2.8333333333333335,33.0
1212,404.0,36.0,-0.5,33.0
1213,404.0,35.0,-1.1666666666666667,33.0
1214,404.0,35.0,-1.1666666666666667,33.0
1215,405.0,36.0,-0.5,33.0
1216,405.0,38.0,-2.6666666666666665,33.0
1217,405.0,36.0,-0.5,33.0
1218,406.0,36.0,-1.6666666666666667,33.0
1219,406.0,35.0,-1.5,33.0
1220,406.0,35.0,-1.0,33.0
1221,407.0,36.0,-1.6666666666666667,33.0
1222,407.0,36.0,-0.5,33.0
1223,407.0,36.0,-1.5,33.0
1224,408.0,36.0,-0.5,33.0
1225,408.0,36.0,-0.5,33.0
1226,408.0,36.0,-0.5,33.0
1227,409.0,36.0,-1.3333333333333333,33.0
1228,409.0,34.0,-1.5,33.0
1229,409.0,35.0,-1.1666666666666667,33.0
1230,410.0,36.0,-1.5,33.0
1231,410.0,35.0,-1.8333333333333335,33.0
1232,410.0,36.0,-2.666666666666667,33.0
1233,411.0,36.0,-0.5,33.0
1234,411.0,35.0,-1.6666666666666667,33.0
1235,411.0,37.0,-2.6666666666666665,33.0
1236,412.0,35.0,-1.1666666666666667,33.0
1237,412.0,35.0,-1.1666666666666667,33.0
1238,412.0,34.0,-1.5,33.0
1239,413.0,38.0,-2.5,33.0
1240,413.0,38.0,-2.5,33.0
1241,413.0,37.0,-2.0,33.0
1242,414.0,34.0,-1.5,33.0
1243,414.0,36.0,-0.5,33.0
1244,414.0,36.0,-2.833333333333333,33.0
1245,415.0,36.0,-1.5,33.0
1246,415.0,36.0,-0.5,33.0
1247,415.0,38.0,-3.5,33.0
1248,416.0,37.0,-3.1666666666666665,33.0
1249,416.0,39.0,-2.0,33.0
1250,416.0,38.0,-2.333333333333333,33.0
1251,417.0,36.0,-0.5,33.0
1252,417.0,38.0,-2.6666666666666665,33.0
1253,417.0,39.0,-2.833333333333333,33.0
1254,418.0,36.0,-0.5,33.0
1255,418.0,38.0,-2.8333333333333335,33.0
1256,418.0,36.0,-0.5,33.0
1257,419.0,36.0,-1.6666666666666667,33.0
1258,419.0,37.0,-2.833333333333333,33.0
1259,419.0,37.0,-2.3333333333333335,33.0
1260,420.0,39.0,-3.8333333333333335,33.0
1261,420.0,38.0,-3.5,33.0
1262,420.0,36.0,-1.8333333333333335,33.0
1263,421.0,37.0,-2.833333333333333,33.0
1264,421.0,37.0,-2.666666666666667,33.0
1265,421.0,37.0,-3.1666666666666665,33.0
1266,422.0,37.0,-2.6666666666666665,33.0
1267,422.0,39.0,-3.8333333333333335,33.0
1268,422.0,39.0,-2.833333333333333,33.0
1269,423.0,34.0,-1.3333333333333335,33.0
1270,423.0,34.0,-1.3333333333333335,33.0
1271,423.0,34.0,-1.0,33.0
1272,424.0,36.0,-2.8333333333333335,33.0
1273,424.0,34.0,-1.3333333333333335,33.0
1274,424.0,36.0,-2.833333333333333,33.0
1275,425.0,34.0,-1.3333333333333335,33.0
1276,425.0,34.0,-1.8333333333333333,33.0
1277,425.0,34.0,-1.3333333333333335,33.0
1278,426.0,36.0,-2.833333333333333,33.0
1279,426.0,36.0,-2.1666666666666665,33.0
1280,426.0,34.0,-1.3333333333333335,33.0
1281,427.0,37.0,-1.6666666666666667,33.0
1282,427.0,34.0,-1.3333333333333335,33.0
1283,427.0,34.0,-1.3333333333333335,33.0
1284,428.0,35.0,-0.8333333333333334,33.0
1285,428.0,34.0,-1.3333333333333335,33.0
1286,428.0,34.0,-1.3333333333333335,33.0
1287,429.0,35.0,-0.8333333333333334,33.0
1288,429.0,36.0,-2.833333333333333,33.0
1289,429.0,37.0,-2.6666666666666665,33.0
1290,430.0,36.0,-1.3333333333333333,33.0
1291,430.0,37.0,-3.0,33.0
1292,430.0,37.0,-2.5,33.0
1293,431.0,34.0,-1.3333333333333335,33.0
1294,431.0,34.0,-1.3333333333333335,33.0
1295,431.0,34.0,-1.3333333333333335,33.0
1296,432.0,34.0,-1.3333333333333335,33.0
1297,432.0,34.0,-1.3333333333333335,33.0
1298,432.0,34.0,-1.3333333333333335,33.0
1299,433.0,34.0,-1.3333333333333335,33.0
1300,433.0,34.0,-1.3333333333333335,33.0
1301,433.0,34.0,-1.3333333333333335,33.0
1302,434.0,34.0,-1.3333333333333335,33.0
1303,434.0,37.0,-2.6666666666666665,33.0
1304,434.0,34.0,-1.3333333333333335,33.0
1305,435.0,38.0,-2.8333333333333335,33.0
1306,435.0,34.0,-1.3333333333333335,33.0
1307,435.0,34.0,-1.3333333333333335,33.0
1308,436.0,36.0,-1.3333333333333333,33.0
1309,436.0,37.0,-2.6666666666666665,33.0
1310,436.0,34.0,-1.3333333333333335,33.0
1311,437.0,34.0,-1.3333333333333335,33.0
1312,437.0,34.0,-1.3333333333333335,33.0
1313,437.0,38.0,-2.8333333333333335,33.0
1314,438.0,34.0,-1.3333333333333335,33.0
1315,438.0,35.0,-2.333333333333333,33.0
1316,438.0,34.0,-1.3333333333333335,33.0
1317,439.0,34.0,-1.3333333333333335,33.0
1318,439.0,34.0,-1.3333333333333335,33.0
1319,439.0,34.0,-1.3333333333333335,33.0
1320,440.0,34.0,-1.3333333333333335,33.0
1321,440.0,39.0,-4.0,33.0
1322,440.0,34.0,-1.3333333333333335,33.0
1323,441.0,34.0,-1.3333333333333335,33.0
1324,441.0,34.0,-1.3333333333333335,33.0
1325,441.0,34.0,-1.3333333333333335,33.0
1326,442.0,34.0,-1.3333333333333335,33.0
1327,442.0,34.0,-1.3333333333333335,33.0
1328,442.0,34.0,-1.3333333333333335,33.0
1329,443.0,34.0,-1.3333333333333335,33.0
1330,443.0,34.0,-1.3333333333333335,33.0
1331,443.0,34.0,-1.3333333333333335,33.0
1332,444.0,37.0,-2.333333333333333,33.0
1333,444.0,34.0,-1.3333333333333335,33.0
1334,444.0,36.0,-2.8333333333333335,33.0
1335,445.0,34.0,-1.3333333333333335,33.0
1336,445.0,34.0,-1.3333333333333335,33.0
1337,445.0,34.0,-1.3333333333333335,33.0
1338,446.0,34.0,-1.3333333333333335,33.0
1339,446.0,38.0,-2.3333333333333335,33.0
1340,446.0,34.0,-1.3333333333333335,33.0
1341,447.0,34.0,-1.3333333333333335,33.0
1342,447.0,34.0,-1.3333333333333335,33.0
1343,447.0,34.0,-1.3333333333333335,33.0
1344,448.0,34.0,-1.3333333333333335,33.0
1345,448.0,34.0,-1.3333333333333335,33.0
1346,448.0,34.0,-1.3333333333333335,33.0
1347,449.0,34.0,-1.3333333333333335,33.0
1348,449.0,34.0,-1.3333333333333335,33.0
1349,449.0,34.0,-1.3333333333333335,33.0
1350,450.0,34.0,-1.3333333333333335,33.0
1351,450.0,34.0,-1.3333333333333335,33.0
1352,450.0,34.0,-1.3333333333333335,33.0
1353,451.0,34.0,-1.3333333333333335,33.0
1354,451.0,34.0,-1.3333333333333335,33.0
1355,451.0,34.0,-1.3333333333333335,33.0
1356,452.0,34.0,-1.3333333333333335,33.0
1357,452.0,34.0,-1.3333333333333335,33.0
1358,452.0,34.0,-1.3333333333333335,33.0
1359,453.0,34.0,-1.3333333333333335,33.0
1360,453.0,34.0,-1.3333333333333335,33.0
1361,453.0,34.0,-1.3333333333333335,33.0
1362,454.0,34.0,-1.3333333333333335,33.0
1363,454.0,34.0,-1.3333333333333335,33.0
1364,454.0,34.0,-1.3333333333333335,33.0
1365,455.0,34.0,-1.3333333333333335,33.0
1366,455.0,34.0,-1.3333333333333335,33.0
1367,455.0,34.0,-1.3333333333333335,33.0
1368,456.0,34.0,-1.3333333333333335,33.0
1369,456.0,36.0,-2.833333333333333,33.0
1370,456.0,34.0,-1.3333333333333335,33.0
1371,457.0,36.0,-2.6666666666666665,33.0
1372,457.0,34.0,-1.3333333333333335,33.0
1373,457.0,34.0,-1.3333333333333335,33.0
1374,458.0,34.0,-1.3333333333333335,33.0
1375,458.0,38.0,-2.8333333333333335,33.0
1376,458.0,34.0,-1.3333333333333335,33.0
1377,459.0,34.0,-1.3333333333333335,33.0
1378,459.0,34.0,-1.3333333333333335,33.0
1379,459.0,34.0,-1.3333333333333335,33.0
1380,460.0,34.0,-1.3333333333333335,33.0
1381,460.0,34.0,-1.3333333333333335,33.0
1382,460.0,34.0,-1.3333333333333335,33.0
1383,461.0,34.0,-1.3333333333333335,33.0
1384,461.0,34.0,-1.3333333333333335,33.0
1385,461.0,34.0,-1.3333333333333335,33.0
1386,462.0,35.0,-2.333333333333333,33.0
1387,462.0,34.0,-1.3333333333333335,33.0
1388,462.0,34.0,-1.3333333333333335,33.0
1389,463.0,34.0,-1.3333333333333335,33.0
1390,463.0,34.0,-1.3333333333333335,33.0
1391,463.0,34.0,-1.3333333333333335,33.0
1392,464.0,34.0,-1.3333333333333335,33.0
1393,464.0,34.0,-1.3333333333333335,33.0
1394,464.0,34.0,-1.3333333333333335,33.0
1395,465.0,37.0,-2.5,33.0
1396,465.0,34.0,-1.3333333333333335,33.0
1397,465.0,34.0,-1.3333333333333335,33.0
1398,466.0,34.0,-1.3333333333333335,33.0
1399,466.0,34.0,-1.3333333333333335,33.0
1400,466.0,34.0,-1.3333333333333335,33.0
1401,467.0,34.0,-1.3333333333333335,33.0
1402,467.0,34.0,-1.3333333333333335,33.0
1403,467.0,34.0,-1.3333333333333335,33.0
1404,468.0,34.0,-1.3333333333333335,33.0
1405,468.0,34.0,-1.3333333333333335,33.0
1406,468.0,34.0,-1.3333333333333335,33.0
1407,469.0,34.0,-1.3333333333333335,33.0
1408,469.0,34.0,-1.3333333333333335,33.0
1409,469.0,34.0,-1.3333333333333335,33.0
1410,470.0,34.0,-1.3333333333333335,33.0
1411,470.0,34.0,-1.3333333333333335,33.0
1412,470.0,34.0,-1.3333333333333335,33.0
1413,471.0,34.0,-1.3333333333333335,33.0
1414,471.0,34.0,-1.3333333333333335,33.0
1415,471.0,34.0,-1.3333333333333335,33.0
1416,472.0,34.0,-1.3333333333333335,33.0
1417,472.0,34.0,-1.3333333333333335,33.0
1418,472.0,34.0,-1.3333333333333335,33.0
1419,473.0,34.0,-1.3333333333333335,33.0
1420,473.0,34.0,-1.3333333333333335,33.0
1421,473.0,34.0,-1.3333333333333335,33.0
1422,474.0,34.0,-1.3333333333333335,33.0
1423,474.0,34.0,-1.3333333333333335,33.0
1424,474.0,34.0,-1.3333333333333335,33.0
1425,475.0,34.0,-1.3333333333333335,33.0
1426,475.0,34.0,-1.3333333333333335,33.0
1427,475.0,38.0,-2.8333333333333335,33.0
1428,476.0,34.0,-1.3333333333333335,33.0
1429,476.0,34.0,-1.3333333333333335,33.0
1430,476.0,34.0,-1.3333333333333335,33.0
1431,477.0,34.0,-1.3333333333333335,33.0
1432,477.0,34.0,-1.3333333333333335,33.0
1433,477.0,34.0,-1.3333333333333335,33.0
1434,478.0,34.0,-1.3333333333333335,33.0
1435,478.0,34.0,-1.3333333333333335,33.0
1436,478.0,36.0,-1.6666666666666667,33.0
1437,479.0,34.0,-1.3333333333333335,33.0
1438,479.0,34.0,-1.3333333333333335,33.0
1439,479.0,34.0,-1.3333333333333335,33.0
1440,480.0,34.0,-1.3333333333333335,33.0
1441,480.0,34.0,-1.3333333333333335,33.0
1442,480.0,34.0,-1.3333333333333335,33.0
1443,481.0,34.0,-1.3333333333333335,33.0
1444,481.0,34.0,-1.3333333333333335,33.0
1445,481.0,34.0,-1.3333333333333335,33.0
1446,482.0,34.0,-1.3333333333333335,33.0
1447,482.0,36.0,-2.833333333333333,33.0
1448,482.0,34.0,-1.3333333333333335,33.0
1449,483.0,34.0,-1.3333333333333335,33.0
1450,483.0,34.0,-1.3333333333333335,33.0
1451,483.0,34.0,-1.3333333333333335,33.0
1452,484.0,34.0,-1.3333333333333335,33.0
1453,484.0,34.0,-1.3333333333333335,33.0
1454,484.0,34.0,-1.3333333333333335,33.0
1455,485.0,35.0,-0.8333333333333334,33.0
1456,485.0,34.0,-1.3333333333333335,33.0
1457,485.0,34.0,-1.3333333333333335,33.0
1458,486.0,34.0,-1.3333333333333335,33.0
1459,486.0,34.0,-1.3333333333333335,33.0
1460,486.0,34.0,-1.3333333333333335,33.0
1461,487.0,34.0,-1.3333333333333335,33.0
1462,487.0,34.0,-1.3333333333333335,33.0
1463,487.0,34.0,-1.3333333333333335,33.0
1464,488.0,34.0,-1.3333333333333335,33.0
1465,488.0,34.0,-1.3333333333333335,33.0
1466,488.0,39.0,-4.0,33.0
1467,489.0,34.0,-1.3333333333333335,33.0
1468,489.0,34.0,-1.3333333333333335,33.0
1469,489.0,34.0,-1.3333333333333335,33.0
1470,490.0,34.0,-1.3333333333333335,33.0
1471,490.0,35.0,-0.8333333333333334,33.0
1472,490.0,34.0,-1.3333333333333335,33.0
1473,491.0,34.0,-1.3333333333333335,33.0
1474,491.0,34.0,-1.3333333333333335,33.0
1475,491.0,34.0,-1.3333333333333335,33.0
1476,492.0,35.0,-0.8333333333333334,33.0
1477,492.0,35.0,-0.8333333333333334,33.0
1478,492.0,34.0,-0.8333333333333334,33.0
1479,493.0,34.0,-1.3333333333333335,33.0
1480,493.0,35.0,-0.8333333333333334,33.0
1481,493.0,37.0,-2.5,33.0
1482,494.0,35.0,-0.8333333333333334,33.0
1483,494.0,34.0,-1.3333333333333335,33.0
1484,494.0,35.0,-0.8333333333333334,33.0
1485,495.0,34.0,-1.3333333333333335,33.0
1486,495.0,35.0,-0.8333333333333334,33.0
1487,495.0,34.0,-1.3333333333333335,33.0
1488,496.0,34.0,-1.3333333333333335,33.0
1489,496.0,35.0,-0.8333333333333334,33.0
1490,496.0,35.0,-0.8333333333333334,33.0
1491,497.0,37.0,-2.5,33.0
1492,497.0,35.0,-0.8333333333333334,33.0
1493,497.0,35.0,-0.8333333333333334,33.0
1494,498.0,34.0,-1.3333333333333335,33.0
1495,498.0,34.0,-1.3333333333333335,33.0
1496,498.0,37.0,-2.6666666666666665,33.0
1497,499.0,36.0,-2.1666666666666665,33.0
1498,499.0,35.0,-0.8333333333333334,33.0
1499,499.0,35.0,-0.8333333333333334,33.0
1500,500.0,35.0,-0.8333333333333334,33.0
1501,500.0,36.0,-2.1666666666666665,33.0
1502,500.0,35.0,-0.8333333333333334,33.0
1503,501.0,35.0,-0.8333333333333334,33.0
1504,501.0,35.0,-0.8333333333333334,33.0
1505,501.0,36.0,-2.1666666666666665,33.0
1506,502.0,35.0,-0.8333333333333334,33.0
1507,502.0,35.0,-0.8333333333333334,33.0
1508,502.0,34.0,-1.3333333333333335,33.0
1509,503.0,35.0,-0.8333333333333334,33.0
1510,503.0,35.0,-0.8333333333333334,33.0
1511,503.0,35.0,-0.8333333333333334,33.0
1512,504.0,35.0,-0.8333333333333334,33.0
1513,504.0,35.0,-2.333333333333333,33.0
1514,504.0,35.0,-0.8333333333333334,33.0
1515,505.0,35.0,-0.8333333333333334,33.0
1516,505.0,36.0,-2.1666666666666665,33.0
1517,505.0,35.0,-0.8333333333333334,33.0
1518,506.0,37.0,-2.6666666666666665,33.0
1519,506.0,35.0,-0.8333333333333334,33.0
1520,506.0,35.0,-0.8333333333333334,33.0
1521,507.0,34.0,-1.3333333333333335,33.0
1522,507.0,36.0,-2.1666666666666665,33.0
1523,507.0,35.0,-0.8333333333333334,33.0
1524,508.0,36.0,-2.6666666666666665,33.0
1525,508.0,37.0,-2.6666666666666665,33.0
1526,508.0,35.0,-0.8333333333333334,33.0
1527,509.0,35.0,-0.8333333333333334,33.0
1528,509.0,35.0,-0.8333333333333334,33.0
1529,509.0,35.0,-0.8333333333333334,33.0
1530,510.0,35.0,-0.8333333333333334,33.0
1531,510.0,35.0,-0.8333333333333334,33.0
1532,510.0,35.0,-0.8333333333333334,33.0
1533,511.0,35.0,-0.8333333333333334,33.0
1534,511.0,35.0,-0.8333333333333334,33.0
1535,511.0,35.0,-0.8333333333333334,33.0
1536,512.0,34.0,-1.3333333333333335,33.0
1537,512.0,34.0,-1.3333333333333335,33.0
1538,512.0,35.0,-0.8333333333333334,33.0
1539,513.0,35.0,-0.8333333333333334,33.0
1540,513.0,35.0,-0.8333333333333334,33.0
1541,513.0,35.0,-0.8333333333333334,33.0
1542,514.0,35.0,-0.8333333333333334,33.0
1543,514.0,35.0,-0.8333333333333334,33.0
1544,514.0,35.0,-0.8333333333333334,33.0
1545,515.0,35.0,-0.8333333333333334,33.0
1546,515.0,35.0,-0.8333333333333334,33.0
1547,515.0,35.0,-0.8333333333333334,33.0
1548,516.0,35.0,-0.8333333333333334,33.0
1549,516.0,35.0,-0.8333333333333334,33.0
1550,516.0,34.0,-1.3333333333333335,33.0
1551,517.0,35.0,-0.8333333333333334,33.0
1552,517.0,35.0,-0.8333333333333334,33.0
1553,517.0,35.0,-0.8333333333333334,33.0
1554,518.0,37.0,-2.6666666666666665,33.0
1555,518.0,35.0,-0.8333333333333334,33.0
1556,518.0,35.0,-0.8333333333333334,33.0
1557,519.0,35.0,-0.8333333333333334,33.0
1558,519.0,34.0,-1.3333333333333335,33.0
1559,519.0,35.0,-0.8333333333333334,33.0
1560,520.0,35.0,-0.8333333333333334,33.0
1561,520.0,35.0,-0.8333333333333334,33.0
1562,520.0,35.0,-0.8333333333333334,33.0
1563,521.0,35.0,-0.8333333333333334,33.0
1564,521.0,37.0,-2.6666666666666665,33.0
1565,521.0,35.0,-0.8333333333333334,33.0
1566,522.0,35.0,-0.8333333333333334,33.0
1567,522.0,35.0,-0.8333333333333334,33.0
1568,522.0,35.0,-0.8333333333333334,33.0
1569,523.0,35.0,-0.8333333333333334,33.0
1570,523.0,34.0,-1.3333333333333335,33.0
1571,523.0,36.0,-1.0,33.0
1572,524.0,37.0,-2.6666666666666665,33.0
1573,524.0,34.0,-1.3333333333333335,33.0
1574,524.0,35.0,-0.8333333333333334,33.0
1575,525.0,35.0,-0.8333333333333334,33.0
1576,525.0,35.0,-0.8333333333333334,33.0
1577,525.0,35.0,-0.8333333333333334,33.0
1578,526.0,35.0,-0.8333333333333334,33.0
1579,526.0,35.0,-0.8333333333333334,33.0
1580,526.0,35.0,-0.8333333333333334,33.0
1581,527.0,35.0,-0.8333333333333334,33.0
1582,527.0,36.0,-2.6666666666666665,33.0
1583,527.0,35.0,-0.8333333333333334,33.0
1584,528.0,35.0,-0.8333333333333334,33.0
1585,528.0,35.0,-0.8333333333333334,33.0
1586,528.0,35.0,-0.8333333333333334,33.0
1587,529.0,35.0,-0.8333333333333334,33.0
1588,529.0,35.0,-2.333333333333333,33.0
1589,529.0,35.0,-1.1666666666666667,33.0
1590,530.0,35.0,-0.8333333333333334,33.0
1591,530.0,35.0,-0.8333333333333334,33.0
1592,530.0,35.0,-0.8333333333333334,33.0
1593,531.0,35.0,-0.8333333333333334,33.0
1594,531.0,35.0,-0.8333333333333334,33.0
1595,531.0,35.0,-0.8333333333333334,33.0
1596,532.0,34.0,-1.3333333333333335,33.0
1597,532.0,35.0,-0.8333333333333334,33.0
1598,532.0,34.0,-1.3333333333333335,33.0
1599,533.0,38.0,-3.333333333333333,33.0
1600,533.0,35.0,-0.8333333333333334,33.0
1601,533.0,35.0,-0.8333333333333334,33.0
1602,534.0,35.0,-2.333333333333333,33.0
1603,534.0,37.0,-1.1666666666666667,33.0
1604,534.0,37.0,-2.6666666666666665,33.0
1605,535.0,35.0,-0.8333333333333334,33.0
1606,535.0,35.0,-0.8333333333333334,33.0
1607,535.0,35.0,-2.333333333333333,33.0
1608,536.0,39.0,-4.333333333333333,33.0
1609,536.0,35.0,-0.8333333333333334,33.0
1610,536.0,39.0,-4.333333333333333,33.0
1611,537.0,35.0,-0.8333333333333334,33.0
1612,537.0,35.0,-0.8333333333333334,33.0
1613,537.0,36.0,-1.3333333333333335,33.0
1614,538.0,35.0,-0.8333333333333334,33.0
1615,538.0,35.0,-0.8333333333333334,33.0
1616,538.0,35.0,-0.8333333333333334,33.0
1617,539.0,35.0,-0.8333333333333334,33.0
1618,539.0,35.0,-0.8333333333333334,33.0
1619,539.0,37.0,-2.6666666666666665,33.0
1620,540.0,35.0,-0.8333333333333334,33.0
1621,540.0,35.0,-0.8333333333333334,33.0
1622,540.0,38.0,-3.1666666666666665,33.0
1623,541.0,37.0,-2.6666666666666665,33.0
1624,541.0,36.0,-1.0,33.0
1625,541.0,37.0,-2.833333333333333,33.0
1626,542.0,35.0,-0.8333333333333334,33.0
1627,542.0,35.0,-0.8333333333333334,33.0
1628,542.0,35.0,-0.8333333333333334,33.0
1629,543.0,35.0,-0.8333333333333334,33.0
1630,543.0,38.0,-2.6666666666666665,33.0
1631,543.0,35.0,-0.8333333333333334,33.0
1632,544.0,35.0,-0.8333333333333334,33.0
1633,544.0,35.0,-2.333333333333333,33.0
1634,544.0,34.0,-1.3333333333333335,33.0
1635,545.0,35.0,-0.8333333333333334,33.0
1636,545.0,35.0,-0.8333333333333334,33.0
1637,545.0,35.0,-0.8333333333333334,33.0
1638,546.0,34.0,-1.3333333333333335,33.0
1639,546.0,35.0,-0.8333333333333334,33.0
1640,546.0,35.0,-0.8333333333333334,33.0
1641,547.0,35.0,-0.8333333333333334,33.0
1642,547.0,35.0,-0.8333333333333334,33.0
1643,547.0,38.0,-4.0,33.0
1644,548.0,35.0,-0.8333333333333334,33.0
1645,548.0,35.0,-0.8333333333333334,33.0
1646,548.0,35.0,-0.8333333333333334,33.0
1647,549.0,35.0,-0.8333333333333334,33.0
1648,549.0,35.0,-0.8333333333333334,33.0
1649,549.0,35.0,-0.8333333333333334,33.0
1650,550.0,39.0,-3.333333333333333,33.0
1651,550.0,35.0,-0.8333333333333334,33.0
1652,550.0,38.0,-2.3333333333333335,33.0
1653,551.0,35.0,-0.8333333333333334,33.0
1654,551.0,35.0,-0.8333333333333334,33.0
1655,551.0,38.0,-4.0,33.0
1656,552.0,35.0,-0.8333333333333334,33.0
1657,552.0,35.0,-0.8333333333333334,33.0
1658,552.0,35.0,-0.8333333333333334,33.0
1659,553.0,35.0,-0.8333333333333334,33.0
1660,553.0,34.0,-1.3333333333333335,33.0
1661,553.0,35.0,-0.8333333333333334,33.0
1662,554.0,37.0,-2.5,33.0
1663,554.0,35.0,-0.8333333333333334,33.0
1664,554.0,35.0,-0.8333333333333334,33.0
1665,555.0,35.0,-0.8333333333333334,33.0
1666,555.0,34.0,-1.3333333333333335,33.0
1667,555.0,35.0,-0.8333333333333334,33.0
1668,556.0,35.0,-0.8333333333333334,33.0
1669,556.0,37.0,-2.6666666666666665,33.0
1670,556.0,35.0,-0.8333333333333334,33.0
1671,557.0,38.0,-3.3333333333333335,33.0
1672,557.0,35.0,-0.8333333333333334,33.0
1673,557.0,35.0,-0.8333333333333334,33.0
1674,558.0,35.0,-0.8333333333333334,33.0
1675,558.0,35.0,-0.8333333333333334,33.0
1676,558.0,35.0,-1.1666666666666667,33.0
1677,559.0,37.0,-2.6666666666666665,33.0
1678,559.0,35.0,-0.8333333333333334,33.0
1679,559.0,35.0,-0.8333333333333334,33.0
1680,560.0,35.0,-0.8333333333333334,33.0
1681,560.0,35.0,-0.8333333333333334,33.0
1682,560.0,35.0,-0.8333333333333334,33.0
1683,561.0,35.0,-0.8333333333333334,33.0
1684,561.0,35.0,-0.8333333333333334,33.0
1685,561.0,35.0,-0.8333333333333334,33.0
1686,562.0,34.0,-1.3333333333333335,33.0
1687,562.0,34.0,-1.3333333333333335,33.0
1688,562.0,35.0,-0.8333333333333334,33.0
1689,563.0,35.0,-2.333333333333333,33.0
1690,563.0,35.0,-0.8333333333333334,33.0
1691,563.0,35.0,-0.8333333333333334,33.0
1692,564.0,35.0,-0.8333333333333334,33.0
1693,564.0,35.0,-0.8333333333333334,33.0
1694,564.0,35.0,-0.8333333333333334,33.0
1695,565.0,36.0,-2.6666666666666665,33.0
1696,565.0,35.0,-0.8333333333333334,33.0
1697,565.0,35.0,-0.8333333333333334,33.0
1698,566.0,35.0,-0.8333333333333334,33.0
1699,566.0,35.0,-0.8333333333333334,33.0
1700,566.0,35.0,-0.8333333333333334,33.0
1701,567.0,35.0,-2.333333333333333,33.0
1702,567.0,35.0,-0.8333333333333334,33.0
1703,567.0,36.0,-1.6666666666666667,33.0
1704,568.0,35.0,-0.8333333333333334,33.0
1705,568.0,35.0,-0.8333333333333334,33.0
1706,568.0,35.0,-0.8333333333333334,33.0
1707,569.0,35.0,-0.8333333333333334,33.0
1708,569.0,35.0,-0.8333333333333334,33.0
1709,569.0,35.0,-0.8333333333333334,33.0
1710,570.0,35.0,-0.8333333333333334,33.0
1711,570.0,35.0,-0.8333333333333334,33.0
1712,570.0,35.0,-0.8333333333333334,33.0
1713,571.0,35.0,-0.8333333333333334,33.0
1714,571.0,35.0,-0.8333333333333334,33.0
1715,571.0,35.0,-0.8333333333333334,33.0
1716,572.0,36.0,-2.1666666666666665,33.0
1717,572.0,35.0,-0.8333333333333334,33.0
1718,572.0,35.0,-0.8333333333333334,33.0
1719,573.0,35.0,-0.8333333333333334,33.0
1720,573.0,35.0,-0.8333333333333334,33.0
1721,573.0,35.0,-0.8333333333333334,33.0
1722,574.0,35.0,-0.8333333333333334,33.0
1723,574.0,35.0,-0.8333333333333334,33.0
1724,574.0,35.0,-0.8333333333333334,33.0
1725,575.0,35.0,-0.8333333333333334,33.0
1726,575.0,35.0,-0.8333333333333334,33.0
1727,575.0,35.0,-0.8333333333333334,33.0
1728,576.0,35.0,-0.8333333333333334,33.0
1729,576.0,35.0,-0.8333333333333334,33.0
1730,576.0,35.0,-0.8333333333333334,33.0
1731,577.0,35.0,-0.8333333333333334,33.0
1732,577.0,35.0,-0.8333333333333334,33.0
1733,577.0,35.0,-0.8333333333333334,33.0
1734,578.0,35.0,-0.8333333333333334,33.0
1735,578.0,35.0,-0.8333333333333334,33.0
1736,578.0,35.0,-0.8333333333333334,33.0
1737,579.0,35.0,-0.8333333333333334,33.0
1738,579.0,35.0,-0.8333333333333334,33.0
1739,579.0,35.0,-0.8333333333333334,33.0
1740,580.0,35.0,-0.8333333333333334,33.0
1741,580.0,34.0,-1.3333333333333335,33.0
1742,580.0,35.0,-0.8333333333333334,33.0
1743,581.0,35.0,-0.8333333333333334,33.0
1744,581.0,35.0,-0.8333333333333334,33.0
1745,581.0,35.0,-0.8333333333333334,33.0
1746,582.0,34.0,-1.3333333333333335,33.0
1747,582.0,35.0,-0.8333333333333334,33.0
1748,582.0,35.0,-2.333333333333333,33.0
1749,583.0,35.0,-0.8333333333333334,33.0
1750,583.0,35.0,-0.8333333333333334,33.0
1751,583.0,35.0,-0.8333333333333334,33.0
1752,584.0,35.0,-0.8333333333333334,33.0
1753,584.0,35.0,-0.8333333333333334,33.0
1754,584.0,37.0,-3.333333333333333,33.0
1755,585.0,35.0,-0.8333333333333334,33.0
1756,585.0,35.0,-0.8333333333333334,33.0
1757,585.0,35.0,-0.8333333333333334,33.0
1758,586.0,35.0,-0.8333333333333334,33.0
1759,586.0,35.0,-0.8333333333333334,33.0
1760,586.0,35.0,-0.8333333333333334,33.0
1761,587.0,35.0,-0.8333333333333334,33.0
1762,587.0,35.0,-0.8333333333333334,33.0
1763,587.0,37.0,-2.6666666666666665,33.0
1764,588.0,35.0,-0.8333333333333334,33.0
1765,588.0,35.0,-0.8333333333333334,33.0
1766,588.0,35.0,-0.8333333333333334,33.0
1767,589.0,35.0,-0.8333333333333334,33.0
1768,589.0,35.0,-0.8333333333333334,33.0
1769,589.0,35.0,-0.8333333333333334,33.0
1770,590.0,35.0,-0.8333333333333334,33.0
1771,590.0,35.0,-0.8333333333333334,33.0
1772,590.0,35.0,-0.8333333333333334,33.0
1773,591.0,35.0,-0.8333333333333334,33.0
1774,591.0,35.0,-0.8333333333333334,33.0
1775,591.0,35.0,-0.8333333333333334,33.0
1776,592.0,35.0,-0.8333333333333334,33.0
1777,592.0,35.0,-0.8333333333333334,33.0
1778,592.0,35.0,-0.8333333333333334,33.0
1779,593.0,38.0,-4.0,33.0
1780,593.0,35.0,-0.8333333333333334,33.0
1781,593.0,35.0,-0.8333333333333334,33.0
1782,594.0,35.0,-0.8333333333333334,33.0
1783,594.0,35.0,-0.8333333333333334,33.0
1784,594.0,37.0,-3.0,33.0
1785,595.0,35.0,-0.8333333333333334,33.0
1786,595.0,34.0,-1.3333333333333335,33.0
1787,595.0,35.0,-0.8333333333333334,33.0
1788,596.0,35.0,-0.8333333333333334,33.0
1789,596.0,36.0,-2.1666666666666665,33.0
1790,596.0,35.0,-0.8333333333333334,33.0
1791,597.0,37.0,-2.666666666666667,33.0
1792,597.0,35.0,-0.8333333333333334,33.0
1793,597.0,35.0,-0.8333333333333334,33.0
1794,598.0,35.0,-0.8333333333333334,33.0
1795,598.0,35.0,-0.8333333333333334,33.0
1796,598.0,35.0,-0.8333333333333334,33.0
1797,599.0,35.0,-0.8333333333333334,33.0
1798,599.0,35.0,-0.8333333333333334,33.0
1799,599.0,35.0,-0.8333333333333334,33.0
1800,600.0,35.0,-0.8333333333333334,33.0
1801,600.0,35.0,-0.8333333333333334,33.0
1802,600.0,38.0,-3.1666666666666665,33.0
1803,601.0,35.0,-0.8333333333333334,33.0
1804,601.0,35.0,-0.8333333333333334,33.0
1805,601.0,35.0,-0.8333333333333334,33.0
1806,602.0,35.0,-0.8333333333333334,33.0
1807,602.0,35.0,-0.8333333333333334,33.0
1808,602.0,37.0,-2.5,33.0
1809,603.0,35.0,-0.8333333333333334,33.0
1810,603.0,35.0,-2.333333333333333,33.0
1811,603.0,35.0,-0.8333333333333334,33.0
1812,604.0,35.0,-0.8333333333333334,33.0
1813,604.0,37.0,-2.5,33.0
1814,604.0,35.0,-0.8333333333333334,33.0
1815,605.0,35.0,-0.8333333333333334,33.0
1816,605.0,35.0,-0.8333333333333334,33.0
1817,605.0,35.0,-0.8333333333333334,33.0
1818,606.0,35.0,-0.8333333333333334,33.0
1819,606.0,35.0,-0.8333333333333334,33.0
1820,606.0,35.0,-0.8333333333333334,33.0
1821,607.0,35.0,-0.8333333333333334,33.0
1822,607.0,35.0,-1.1666666666666667,33.0
1823,607.0,38.0,-3.0,33.0
1824,608.0,35.0,-0.8333333333333334,33.0
1825,608.0,35.0,-0.8333333333333334,33.0
1826,608.0,35.0,-0.8333333333333334,33.0
1827,609.0,34.0,-1.3333333333333335,33.0
1828,609.0,35.0,-1.3333333333333333,33.0
1829,609.0,35.0,-0.8333333333333334,33.0
1830,610.0,35.0,-0.8333333333333334,33.0
1831,610.0,35.0,-0.8333333333333334,33.0
1832,610.0,35.0,-0.8333333333333334,33.0
1833,611.0,35.0,-0.8333333333333334,33.0
1834,611.0,35.0,-0.8333333333333334,33.0
1835,611.0,38.0,-2.8333333333333335,33.0
1836,612.0,35.0,-0.8333333333333334,33.0
1837,612.0,35.0,-0.8333333333333334,33.0
1838,612.0,35.0,-0.8333333333333334,33.0
1839,613.0,35.0,-0.8333333333333334,33.0
1840,613.0,35.0,-0.8333333333333334,33.0
1841,613.0,35.0,-0.8333333333333334,33.0
1842,614.0,35.0,-0.8333333333333334,33.0
1843,614.0,35.0,-1.1666666666666667,33.0
1844,614.0,35.0,-0.8333333333333334,33.0
1845,615.0,35.0,-0.8333333333333334,33.0
1846,615.0,35.0,-0.8333333333333334,33.0
1847,615.0,35.0,-0.8333333333333334,33.0
1848,616.0,38.0,-2.333333333333333,33.0
1849,616.0,38.0,-2.333333333333333,33.0
1850,616.0,35.0,-0.8333333333333334,33.0
1851,617.0,35.0,-0.8333333333333334,33.0
1852,617.0,35.0,-0.8333333333333334,33.0
1853,617.0,35.0,-0.8333333333333334,33.0
1854,618.0,35.0,-0.8333333333333334,33.0
1855,618.0,35.0,-0.8333333333333334,33.0
1856,618.0,35.0,-0.8333333333333334,33.0
1857,619.0,35.0,-0.8333333333333334,33.0
1858,619.0,35.0,-0.8333333333333334,33.0
1859,619.0,35.0,-0.8333333333333334,33.0
1860,620.0,35.0,-0.8333333333333334,33.0
1861,620.0,35.0,-0.8333333333333334,33.0
1862,620.0,35.0,-0.8333333333333334,33.0
1863,621.0,38.0,-2.0,33.0
1864,621.0,35.0,-0.8333333333333334,33.0
1865,621.0,35.0,-0.8333333333333334,33.0
1866,622.0,35.0,-0.8333333333333334,33.0
1867,622.0,35.0,-0.8333333333333334,33.0
1868,622.0,35.0,-0.8333333333333334,33.0
1869,623.0,35.0,-0.8333333333333334,33.0
1870,623.0,35.0,-0.8333333333333334,33.0
1871,623.0,35.0,-0.8333333333333334,33.0
1872,624.0,34.0,-1.3333333333333335,33.0
1873,624.0,40.0,-3.1666666666666665,33.0
1874,624.0,35.0,-0.8333333333333334,33.0
1875,625.0,35.0,-0.8333333333333334,33.0
1876,625.0,35.0,-0.8333333333333334,33.0
1877,625.0,35.0,-0.8333333333333334,33.0
1878,626.0,35.0,-0.8333333333333334,33.0
1879,626.0,35.0,-0.8333333333333334,33.0
1880,626.0,35.0,-0.8333333333333334,33.0
1881,627.0,35.0,-0.8333333333333334,33.0
1882,627.0,35.0,-0.8333333333333334,33.0
1883,627.0,35.0,-0.8333333333333334,33.0
1884,628.0,35.0,-0.8333333333333334,33.0
1885,628.0,34.0,-1.3333333333333335,33.0
1886,628.0,35.0,-0.8333333333333334,33.0
1887,629.0,35.0,-0.8333333333333334,33.0
1888,629.0,35.0,-0.8333333333333334,33.0
1889,629.0,35.0,-0.8333333333333334,33.0
1890,630.0,35.0,-0.8333333333333334,33.0
1891,630.0,34.0,-1.3333333333333335,33.0
1892,630.0,38.0,-3.5,33.0
1893,631.0,35.0,-0.8333333333333334,33.0
1894,631.0,35.0,-0.8333333333333334,33.0
1895,631.0,35.0,-0.8333333333333334,33.0
1896,632.0,35.0,-0.8333333333333334,33.0
1897,632.0,35.0,-0.8333333333333334,33.0
1898,632.0,35.0,-0.8333333333333334,33.0
1899,633.0,35.0,-0.8333333333333334,33.0
1900,633.0,35.0,-0.8333333333333334,33.0
1901,633.0,38.0,-3.5,33.0
1902,634.0,35.0,-0.8333333333333334,33.0
1903,634.0,38.0,-2.6666666666666665,33.0
1904,634.0,35.0,-0.8333333333333334,33.0
1905,635.0,35.0,-0.8333333333333334,33.0
1906,635.0,35.0,-0.8333333333333334,33.0
1907,635.0,35.0,-0.8333333333333334,33.0
1908,636.0,35.0,-0.8333333333333334,33.0
1909,636.0,35.0,-0.8333333333333334,33.0
1910,636.0,35.0,-0.8333333333333334,33.0
1911,637.0,35.0,-0.8333333333333334,33.0
1912,637.0,35.0,-0.8333333333333334,33.0
1913,637.0,35.0,-0.8333333333333334,33.0
1914,638.0,35.0,-0.8333333333333334,33.0
1915,638.0,35.0,-0.8333333333333334,33.0
1916,638.0,35.0,-0.8333333333333334,33.0
1917,639.0,35.0,-0.8333333333333334,33.0
1918,639.0,35.0,-0.8333333333333334,33.0
1919,639.0,35.0,-0.8333333333333334,33.0
1920,640.0,35.0,-0.8333333333333334,33.0
1921,640.0,35.0,-0.8333333333333334,33.0
1922,640.0,35.0,-0.8333333333333334,33.0
1923,641.0,35.0,-0.8333333333333334,33.0
1924,641.0,35.0,-0.8333333333333334,33.0
1925,641.0,35.0,-0.8333333333333334,33.0
1926,642.0,35.0,-0.8333333333333334,33.0
1927,642.0,35.0,-1.1666666666666667,33.0
1928,642.0,35.0,-0.8333333333333334,33.0
1929,643.0,35.0,-0.8333333333333334,33.0
1930,643.0,35.0,-0.8333333333333334,33.0
1931,643.0,35.0,-0.8333333333333334,33.0
1932,644.0,35.0,-0.8333333333333334,33.0
1933,644.0,35.0,-0.8333333333333334,33.0
1934,644.0,35.0,-0.8333333333333334,33.0
