,episode,make_span,reward,min_make_span
0,0.0,508.0,-252.93406593406596,508.0
1,0.0,562.0,-282.60439560439556,508.0
2,0.0,556.0,-279.30769230769226,508.0
3,0.0,522.0,-260.6263736263736,508.0
4,0.0,602.0,-304.5824175824175,508.0
5,0.0,535.0,-267.7692307692308,508.0
6,0.0,655.0,-333.70329670329664,508.0
7,0.0,578.0,-291.3956043956044,508.0
8,0.0,656.0,-334.25274725274727,508.0
9,1.0,510.0,-254.032967032967,508.0
10,1.0,558.0,-280.4065934065934,508.0
11,1.0,544.0,-272.71428571428567,508.0
12,1.0,568.0,-285.9010989010989,508.0
13,1.0,515.0,-256.7802197802198,508.0
14,1.0,565.0,-284.2527472527472,508.0
15,1.0,516.0,-257.3296703296703,508.0
16,1.0,518.0,-258.42857142857144,508.0
17,1.0,562.0,-282.6043956043957,508.0
18,2.0,525.0,-262.27472527472526,508.0
19,2.0,578.0,-291.3956043956044,508.0
20,2.0,537.0,-268.86813186813185,508.0
21,2.0,583.0,-294.14285714285705,508.0
22,2.0,518.0,-258.42857142857156,508.0
23,2.0,583.0,-294.1428571428571,508.0
24,2.0,554.0,-278.2087912087912,508.0
25,2.0,544.0,-272.71428571428567,508.0
26,2.0,528.0,-263.923076923077,508.0
27,3.0,533.0,-266.6703296703297,508.0
28,3.0,551.0,-276.5604395604396,508.0
29,3.0,536.0,-268.31868131868123,508.0
30,3.0,580.0,-292.49450549450546,508.0
31,3.0,576.0,-290.2967032967033,508.0
32,3.0,541.0,-271.065934065934,508.0
33,3.0,557.0,-279.8571428571429,508.0
34,3.0,500.0,-248.53846153846152,500.0
35,3.0,559.0,-280.9560439560439,500.0
36,4.0,525.0,-262.27472527472526,500.0
37,4.0,572.0,-288.09890109890114,500.0
38,4.0,587.0,-296.34065934065933,500.0
39,4.0,664.0,-338.64835164835165,500.0
40,4.0,531.0,-265.5714285714285,500.0
41,4.0,545.0,-273.2637362637363,500.0
42,4.0,560.0,-281.5054945054945,500.0
43,4.0,619.0,-313.92307692307685,500.0
44,4.0,540.0,-270.51648351648356,500.0
45,5.0,516.0,-257.32967032967036,500.0
46,5.0,559.0,-280.95604395604397,500.0
47,5.0,608.0,-307.8791208791209,500.0
48,5.0,542.0,-271.61538461538464,500.0
49,5.0,562.0,-282.60439560439556,500.0
50,5.0,589.0,-297.4395604395604,500.0
51,5.0,533.0,-266.67032967032964,500.0
52,5.0,548.0,-274.9120879120879,500.0
53,5.0,557.0,-279.8571428571429,500.0
54,6.0,542.0,-271.6153846153846,500.0
55,6.0,518.0,-258.4285714285714,500.0
56,6.0,548.0,-274.91208791208794,500.0
57,6.0,600.0,-303.4835164835165,500.0
58,6.0,551.0,-276.56043956043953,500.0
59,6.0,551.0,-276.56043956043953,500.0
60,6.0,518.0,-258.4285714285714,500.0
61,6.0,557.0,-279.85714285714283,500.0
62,6.0,546.0,-273.8131868131868,500.0
63,7.0,511.0,-254.58241758241752,500.0
64,7.0,528.0,-263.9230769230769,500.0
65,7.0,534.0,-267.21978021978026,500.0
66,7.0,530.0,-265.02197802197804,500.0
67,7.0,554.0,-278.20879120879124,500.0
68,7.0,515.0,-256.7802197802198,500.0
69,7.0,557.0,-279.8571428571429,500.0
70,7.0,525.0,-262.27472527472526,500.0
71,7.0,565.0,-284.2527472527473,500.0
72,8.0,568.0,-285.9010989010989,500.0
73,8.0,523.0,-261.1758241758241,500.0
74,8.0,594.0,-300.18681318681314,500.0
75,8.0,647.0,-329.3076923076924,500.0
76,8.0,597.0,-301.83516483516485,500.0
77,8.0,605.0,-306.2307692307692,500.0
78,8.0,533.0,-266.67032967032975,500.0
79,8.0,522.0,-260.6263736263736,500.0
80,8.0,557.0,-279.8571428571428,500.0
81,9.0,548.0,-274.9120879120879,500.0
82,9.0,627.0,-318.3186813186813,500.0
83,9.0,614.0,-311.1758241758241,500.0
84,9.0,537.0,-268.8681318681319,500.0
85,9.0,577.0,-290.8461538461538,500.0
86,9.0,540.0,-270.5164835164835,500.0
87,9.0,593.0,-299.63736263736257,500.0
88,9.0,614.0,-311.1758241758242,500.0
89,9.0,605.0,-306.23076923076934,500.0
90,10.0,530.0,-265.02197802197804,500.0
91,10.0,630.0,-319.96703296703305,500.0
92,10.0,571.0,-287.5494505494506,500.0
93,10.0,601.0,-304.032967032967,500.0
94,10.0,559.0,-280.95604395604397,500.0
95,10.0,584.0,-294.69230769230774,500.0
96,10.0,591.0,-298.53846153846155,500.0
97,10.0,518.0,-258.42857142857144,500.0
98,10.0,564.0,-283.7032967032968,500.0
99,11.0,630.0,-319.96703296703305,500.0
100,11.0,567.0,-285.3516483516483,500.0
101,11.0,570.0,-287.0,500.0
102,11.0,614.0,-311.1758241758242,500.0
103,11.0,574.0,-289.19780219780205,500.0
104,11.0,618.0,-313.3736263736264,500.0
105,11.0,572.0,-288.09890109890114,500.0
106,11.0,527.0,-263.37362637362645,500.0
107,11.0,600.0,-303.48351648351644,500.0
108,12.0,551.0,-276.56043956043953,500.0
109,12.0,523.0,-261.1758241758241,500.0
110,12.0,539.0,-269.9670329670329,500.0
111,12.0,516.0,-257.32967032967036,500.0
112,12.0,532.0,-266.1208791208792,500.0
113,12.0,547.0,-274.3626373626374,500.0
114,12.0,514.0,-256.2307692307693,500.0
115,12.0,533.0,-266.67032967032964,500.0
116,12.0,542.0,-271.6153846153846,500.0
117,13.0,610.0,-308.9780219780219,500.0
118,13.0,551.0,-276.56043956043953,500.0
119,13.0,540.0,-270.51648351648356,500.0
120,13.0,562.0,-282.6043956043957,500.0
121,13.0,553.0,-277.65934065934067,500.0
122,13.0,656.0,-334.2527472527472,500.0
123,13.0,548.0,-274.91208791208794,500.0
124,13.0,571.0,-287.54945054945057,500.0
125,13.0,522.0,-260.6263736263736,500.0
126,14.0,573.0,-288.64835164835165,500.0
127,14.0,548.0,-274.91208791208794,500.0
128,14.0,550.0,-276.01098901098896,500.0
129,14.0,523.0,-261.1758241758242,500.0
130,14.0,534.0,-267.21978021978026,500.0
131,14.0,548.0,-274.9120879120879,500.0
132,14.0,540.0,-270.5164835164835,500.0
133,14.0,599.0,-302.934065934066,500.0
134,14.0,563.0,-283.1538461538462,500.0
135,15.0,523.0,-261.1758241758242,500.0
136,15.0,560.0,-281.5054945054946,500.0
137,15.0,556.0,-279.3076923076923,500.0
138,15.0,523.0,-261.1758241758242,500.0
139,15.0,589.0,-297.4395604395604,500.0
140,15.0,574.0,-289.19780219780216,500.0
141,15.0,550.0,-276.01098901098896,500.0
142,15.0,551.0,-276.5604395604396,500.0
143,15.0,556.0,-279.3076923076924,500.0
144,16.0,638.0,-324.3626373626374,500.0
145,16.0,539.0,-269.9670329670329,500.0
146,16.0,562.0,-282.6043956043957,500.0
147,16.0,502.0,-249.63736263736263,500.0
148,16.0,565.0,-284.25274725274727,500.0
149,16.0,557.0,-279.85714285714283,500.0
150,16.0,592.0,-299.0879120879121,500.0
151,16.0,582.0,-293.59340659340654,500.0
152,16.0,582.0,-293.59340659340666,500.0
153,17.0,580.0,-292.4945054945056,500.0
154,17.0,578.0,-291.39560439560444,500.0
155,17.0,545.0,-273.26373626373623,500.0
156,17.0,514.0,-256.2307692307693,500.0
157,17.0,551.0,-276.5604395604395,500.0
158,17.0,576.0,-290.29670329670324,500.0
159,17.0,568.0,-285.9010989010989,500.0
160,17.0,520.0,-259.52747252747247,500.0
161,17.0,543.0,-272.16483516483515,500.0
162,18.0,559.0,-280.956043956044,500.0
163,18.0,562.0,-282.6043956043957,500.0
164,18.0,513.0,-255.6813186813187,500.0
165,18.0,553.0,-277.6593406593406,500.0
166,18.0,549.0,-275.46153846153845,500.0
167,18.0,559.0,-280.9560439560439,500.0
168,18.0,603.0,-305.1318681318682,500.0
169,18.0,528.0,-263.9230769230769,500.0
170,18.0,571.0,-287.5494505494505,500.0
171,19.0,560.0,-281.50549450549454,500.0
172,19.0,539.0,-269.96703296703294,500.0
173,19.0,563.0,-283.15384615384613,500.0
174,19.0,579.0,-291.945054945055,500.0
175,19.0,550.0,-276.010989010989,500.0
176,19.0,553.0,-277.65934065934067,500.0
177,19.0,571.0,-287.5494505494505,500.0
178,19.0,530.0,-265.0219780219781,500.0
179,19.0,533.0,-266.67032967032964,500.0
180,20.0,565.0,-284.25274725274727,500.0
181,20.0,556.0,-279.30769230769226,500.0
182,20.0,542.0,-271.61538461538464,500.0
183,20.0,574.0,-289.1978021978022,500.0
184,20.0,552.0,-277.10989010989005,500.0
185,20.0,540.0,-270.5164835164835,500.0
186,20.0,560.0,-281.5054945054945,500.0
187,20.0,556.0,-279.3076923076922,500.0
188,20.0,548.0,-274.91208791208794,500.0
189,21.0,501.0,-249.08791208791212,500.0
190,21.0,582.0,-293.59340659340666,500.0
191,21.0,537.0,-268.8681318681319,500.0
192,21.0,515.0,-256.78021978021974,500.0
193,21.0,556.0,-279.30769230769226,500.0
194,21.0,531.0,-265.5714285714286,500.0
195,21.0,519.0,-258.97802197802207,500.0
196,21.0,590.0,-297.989010989011,500.0
197,21.0,559.0,-280.95604395604397,500.0
198,22.0,526.0,-262.8241758241759,500.0
199,22.0,504.0,-250.73626373626377,500.0
200,22.0,532.0,-266.1208791208791,500.0
201,22.0,537.0,-268.86813186813185,500.0
202,22.0,498.0,-247.43956043956052,498.0
203,22.0,594.0,-300.1868131868132,498.0
204,22.0,562.0,-282.6043956043956,498.0
205,22.0,531.0,-265.57142857142856,498.0
206,22.0,500.0,-248.53846153846158,498.0
207,23.0,535.0,-267.7692307692307,498.0
208,23.0,579.0,-291.9450549450549,498.0
209,23.0,592.0,-299.0879120879121,498.0
210,23.0,524.0,-261.72527472527474,498.0
211,23.0,559.0,-280.956043956044,498.0
212,23.0,584.0,-294.6923076923077,498.0
213,23.0,532.0,-266.1208791208791,498.0
214,23.0,571.0,-287.5494505494505,498.0
215,23.0,557.0,-279.85714285714295,498.0
216,24.0,530.0,-265.02197802197804,498.0
217,24.0,570.0,-287.0,498.0
218,24.0,587.0,-296.3406593406594,498.0
219,24.0,551.0,-276.5604395604396,498.0
220,24.0,518.0,-258.4285714285714,498.0
221,24.0,556.0,-279.3076923076923,498.0
222,24.0,533.0,-266.6703296703297,498.0
223,24.0,629.0,-319.4175824175824,498.0
224,24.0,545.0,-273.2637362637363,498.0
225,25.0,572.0,-288.0989010989011,498.0
226,25.0,539.0,-269.967032967033,498.0
227,25.0,559.0,-280.95604395604397,498.0
228,25.0,571.0,-287.54945054945057,498.0
229,25.0,514.0,-256.2307692307693,498.0
230,25.0,545.0,-273.2637362637363,498.0
231,25.0,535.0,-267.76923076923083,498.0
232,25.0,536.0,-268.3186813186813,498.0
233,25.0,552.0,-277.10989010989005,498.0
234,26.0,533.0,-266.67032967032964,498.0
235,26.0,556.0,-279.3076923076924,498.0
236,26.0,517.0,-257.879120879121,498.0
237,26.0,522.0,-260.6263736263736,498.0
238,26.0,545.0,-273.26373626373635,498.0
239,26.0,527.0,-263.37362637362634,498.0
240,26.0,598.0,-302.3846153846154,498.0
241,26.0,513.0,-255.68131868131871,498.0
242,26.0,519.0,-258.9780219780221,498.0
243,27.0,602.0,-304.5824175824175,498.0
244,27.0,516.0,-257.32967032967036,498.0
245,27.0,546.0,-273.81318681318686,498.0
246,27.0,533.0,-266.6703296703297,498.0
247,27.0,564.0,-283.70329670329676,498.0
248,27.0,531.0,-265.5714285714286,498.0
249,27.0,519.0,-258.97802197802196,498.0
250,27.0,554.0,-278.20879120879124,498.0
251,27.0,530.0,-265.02197802197793,498.0
252,28.0,563.0,-283.1538461538462,498.0
253,28.0,558.0,-280.4065934065934,498.0
254,28.0,554.0,-278.20879120879124,498.0
255,28.0,528.0,-263.92307692307696,498.0
256,28.0,520.0,-259.5274725274726,498.0
257,28.0,539.0,-269.967032967033,498.0
258,28.0,519.0,-258.97802197802196,498.0
259,28.0,529.0,-264.47252747252753,498.0
260,28.0,517.0,-257.8791208791208,498.0
261,29.0,517.0,-257.8791208791209,498.0
262,29.0,522.0,-260.6263736263737,498.0
263,29.0,526.0,-262.82417582417577,498.0
264,29.0,561.0,-282.05494505494505,498.0
265,29.0,564.0,-283.70329670329676,498.0
266,29.0,565.0,-284.2527472527472,498.0
267,29.0,560.0,-281.5054945054945,498.0
268,29.0,543.0,-272.1648351648352,498.0
269,29.0,514.0,-256.2307692307693,498.0
270,30.0,506.0,-251.83516483516482,498.0
271,30.0,538.0,-269.4175824175824,498.0
272,30.0,539.0,-269.967032967033,498.0
273,30.0,538.0,-269.41758241758237,498.0
274,30.0,527.0,-263.37362637362645,498.0
275,30.0,593.0,-299.6373626373627,498.0
276,30.0,546.0,-273.8131868131868,498.0
277,30.0,578.0,-291.39560439560444,498.0
278,30.0,544.0,-272.7142857142857,498.0
279,31.0,557.0,-279.8571428571429,498.0
280,31.0,545.0,-273.2637362637363,498.0
281,31.0,532.0,-266.1208791208791,498.0
282,31.0,600.0,-303.4835164835165,498.0
283,31.0,581.0,-293.04395604395603,498.0
284,31.0,566.0,-284.8021978021978,498.0
285,31.0,551.0,-276.5604395604396,498.0
286,31.0,550.0,-276.010989010989,498.0
287,31.0,527.0,-263.3736263736264,498.0
288,32.0,542.0,-271.61538461538464,498.0
289,32.0,551.0,-276.5604395604395,498.0
290,32.0,513.0,-255.68131868131866,498.0
291,32.0,521.0,-260.0769230769231,498.0
292,32.0,544.0,-272.71428571428567,498.0
293,32.0,522.0,-260.62637362637366,498.0
294,32.0,535.0,-267.7692307692308,498.0
295,32.0,529.0,-264.4725274725274,498.0
296,32.0,608.0,-307.87912087912093,498.0
297,33.0,513.0,-255.6813186813187,498.0
298,33.0,535.0,-267.7692307692308,498.0
299,33.0,526.0,-262.8241758241759,498.0
300,33.0,532.0,-266.1208791208792,498.0
301,33.0,528.0,-263.92307692307696,498.0
302,33.0,517.0,-257.87912087912093,498.0
303,33.0,515.0,-256.7802197802198,498.0
304,33.0,543.0,-272.1648351648352,498.0
305,33.0,503.0,-250.18681318681323,498.0
306,34.0,635.0,-322.7142857142858,498.0
307,34.0,530.0,-265.021978021978,498.0
308,34.0,530.0,-265.02197802197804,498.0
309,34.0,535.0,-267.76923076923066,498.0
310,34.0,522.0,-260.62637362637366,498.0
311,34.0,516.0,-257.3296703296704,498.0
312,34.0,576.0,-290.29670329670324,498.0
313,34.0,526.0,-262.8241758241759,498.0
314,34.0,543.0,-272.1648351648352,498.0
315,35.0,515.0,-256.78021978021974,498.0
316,35.0,523.0,-261.1758241758242,498.0
317,35.0,523.0,-261.1758241758242,498.0
318,35.0,515.0,-256.7802197802198,498.0
319,35.0,556.0,-279.30769230769226,498.0
320,35.0,517.0,-257.87912087912093,498.0
321,35.0,552.0,-277.1098901098901,498.0
322,35.0,517.0,-257.87912087912093,498.0
323,35.0,546.0,-273.81318681318686,498.0
324,36.0,581.0,-293.04395604395603,498.0
325,36.0,554.0,-278.20879120879124,498.0
326,36.0,557.0,-279.85714285714283,498.0
327,36.0,539.0,-269.96703296703294,498.0
328,36.0,533.0,-266.67032967032975,498.0
329,36.0,500.0,-248.5384615384615,498.0
330,36.0,514.0,-256.2307692307692,498.0
331,36.0,528.0,-263.9230769230769,498.0
332,36.0,529.0,-264.47252747252753,498.0
333,37.0,523.0,-261.1758241758241,498.0
334,37.0,567.0,-285.3516483516484,498.0
335,37.0,515.0,-256.78021978021974,498.0
336,37.0,519.0,-258.97802197802196,498.0
337,37.0,529.0,-264.4725274725275,498.0
338,37.0,529.0,-264.4725274725274,498.0
339,37.0,537.0,-268.8681318681319,498.0
340,37.0,539.0,-269.96703296703294,498.0
341,37.0,501.0,-249.0879120879121,498.0
342,38.0,563.0,-283.1538461538461,498.0
343,38.0,562.0,-282.60439560439556,498.0
344,38.0,505.0,-251.28571428571433,498.0
345,38.0,535.0,-267.76923076923083,498.0
346,38.0,544.0,-272.7142857142858,498.0
347,38.0,503.0,-250.1868131868132,498.0
348,38.0,582.0,-293.5934065934066,498.0
349,38.0,514.0,-256.2307692307692,498.0
350,38.0,542.0,-271.61538461538464,498.0
351,39.0,563.0,-283.15384615384613,498.0
352,39.0,534.0,-267.2197802197802,498.0
353,39.0,582.0,-293.5934065934066,498.0
354,39.0,540.0,-270.51648351648356,498.0
355,39.0,562.0,-282.6043956043957,498.0
356,39.0,501.0,-249.08791208791214,498.0
357,39.0,514.0,-256.2307692307692,498.0
358,39.0,524.0,-261.72527472527474,498.0
359,39.0,499.0,-247.989010989011,498.0
360,40.0,546.0,-273.8131868131868,498.0
361,40.0,532.0,-266.1208791208791,498.0
362,40.0,511.0,-254.58241758241758,498.0
363,40.0,517.0,-257.87912087912093,498.0
364,40.0,530.0,-265.021978021978,498.0
365,40.0,520.0,-259.5274725274725,498.0
366,40.0,565.0,-284.25274725274727,498.0
367,40.0,560.0,-281.5054945054945,498.0
368,40.0,521.0,-260.0769230769231,498.0
369,41.0,530.0,-265.021978021978,498.0
370,41.0,547.0,-274.3626373626373,498.0
371,41.0,565.0,-284.2527472527473,498.0
372,41.0,548.0,-274.9120879120879,498.0
373,41.0,581.0,-293.04395604395603,498.0
374,41.0,546.0,-273.8131868131868,498.0
375,41.0,499.0,-247.9890109890109,498.0
376,41.0,648.0,-329.85714285714283,498.0
377,41.0,548.0,-274.91208791208794,498.0
378,42.0,547.0,-274.3626373626374,498.0
379,42.0,523.0,-261.17582417582423,498.0
380,42.0,585.0,-295.2417582417582,498.0
381,42.0,545.0,-273.2637362637363,498.0
382,42.0,541.0,-271.0659340659341,498.0
383,42.0,520.0,-259.5274725274725,498.0
384,42.0,511.0,-254.58241758241758,498.0
385,42.0,563.0,-283.1538461538462,498.0
386,42.0,558.0,-280.4065934065934,498.0
387,43.0,546.0,-273.8131868131868,498.0
388,43.0,522.0,-260.6263736263736,498.0
389,43.0,529.0,-264.47252747252753,498.0
390,43.0,602.0,-304.5824175824176,498.0
391,43.0,522.0,-260.62637362637366,498.0
392,43.0,538.0,-269.4175824175824,498.0
393,43.0,532.0,-266.1208791208791,498.0
394,43.0,528.0,-263.9230769230769,498.0
395,43.0,549.0,-275.46153846153845,498.0
396,44.0,542.0,-271.6153846153845,498.0
397,44.0,535.0,-267.7692307692308,498.0
398,44.0,576.0,-290.29670329670324,498.0
399,44.0,552.0,-277.1098901098901,498.0
400,44.0,541.0,-271.06593406593413,498.0
401,44.0,543.0,-272.16483516483515,498.0
402,44.0,548.0,-274.9120879120879,498.0
403,44.0,567.0,-285.3516483516484,498.0
404,44.0,543.0,-272.1648351648352,498.0
405,45.0,499.0,-247.98901098901098,498.0
406,45.0,537.0,-268.8681318681319,498.0
407,45.0,535.0,-267.76923076923083,498.0
408,45.0,547.0,-274.3626373626374,498.0
409,45.0,541.0,-271.0659340659341,498.0
410,45.0,525.0,-262.27472527472526,498.0
411,45.0,516.0,-257.3296703296703,498.0
412,45.0,538.0,-269.4175824175824,498.0
413,45.0,545.0,-273.2637362637363,498.0
414,46.0,535.0,-267.7692307692308,498.0
415,46.0,545.0,-273.26373626373623,498.0
416,46.0,531.0,-265.57142857142856,498.0
417,46.0,516.0,-257.32967032967036,498.0
418,46.0,498.0,-247.4395604395604,498.0
419,46.0,584.0,-294.69230769230774,498.0
420,46.0,514.0,-256.2307692307692,498.0
421,46.0,549.0,-275.46153846153845,498.0
422,46.0,546.0,-273.8131868131869,498.0
423,47.0,520.0,-259.5274725274725,498.0
424,47.0,523.0,-261.1758241758242,498.0
425,47.0,526.0,-262.8241758241759,498.0
426,47.0,535.0,-267.7692307692309,498.0
427,47.0,510.0,-254.0329670329671,498.0
428,47.0,550.0,-276.01098901098896,498.0
429,47.0,527.0,-263.3736263736264,498.0
430,47.0,526.0,-262.82417582417577,498.0
431,47.0,500.0,-248.5384615384616,498.0
432,48.0,581.0,-293.0439560439561,498.0
433,48.0,532.0,-266.1208791208791,498.0
434,48.0,535.0,-267.7692307692307,498.0
435,48.0,576.0,-290.2967032967033,498.0
436,48.0,533.0,-266.6703296703297,498.0
437,48.0,511.0,-254.5824175824176,498.0
438,48.0,519.0,-258.97802197802196,498.0
439,48.0,511.0,-254.58241758241763,498.0
440,48.0,566.0,-284.8021978021977,498.0
441,49.0,536.0,-268.3186813186813,498.0
442,49.0,537.0,-268.8681318681319,498.0
443,49.0,529.0,-264.4725274725275,498.0
444,49.0,528.0,-263.9230769230769,498.0
445,49.0,536.0,-268.31868131868134,498.0
446,49.0,515.0,-256.7802197802198,498.0
447,49.0,532.0,-266.1208791208792,498.0
448,49.0,542.0,-271.61538461538464,498.0
449,49.0,499.0,-247.98901098901104,498.0
450,50.0,503.0,-250.18681318681314,498.0
451,50.0,514.0,-256.2307692307692,498.0
452,50.0,533.0,-266.6703296703297,498.0
453,50.0,581.0,-293.04395604395603,498.0
454,50.0,529.0,-264.4725274725275,498.0
455,50.0,566.0,-284.8021978021978,498.0
456,50.0,513.0,-255.68131868131871,498.0
457,50.0,545.0,-273.2637362637363,498.0
458,50.0,536.0,-268.31868131868134,498.0
459,51.0,516.0,-257.32967032967036,498.0
460,51.0,519.0,-258.978021978022,498.0
461,51.0,546.0,-273.8131868131868,498.0
462,51.0,513.0,-255.6813186813187,498.0
463,51.0,542.0,-271.6153846153845,498.0
464,51.0,498.0,-247.4395604395605,498.0
465,51.0,536.0,-268.31868131868123,498.0
466,51.0,568.0,-285.901098901099,498.0
467,51.0,533.0,-266.67032967032964,498.0
468,52.0,514.0,-256.2307692307692,498.0
469,52.0,600.0,-303.4835164835165,498.0
470,52.0,509.0,-253.4835164835165,498.0
471,52.0,545.0,-273.26373626373635,498.0
472,52.0,550.0,-276.010989010989,498.0
473,52.0,520.0,-259.52747252747247,498.0
474,52.0,521.0,-260.07692307692315,498.0
475,52.0,511.0,-254.5824175824176,498.0
476,52.0,532.0,-266.1208791208792,498.0
477,53.0,535.0,-267.7692307692308,498.0
478,53.0,527.0,-263.37362637362645,498.0
479,53.0,535.0,-267.7692307692308,498.0
480,53.0,502.0,-249.6373626373626,498.0
481,53.0,594.0,-300.1868131868132,498.0
482,53.0,509.0,-253.48351648351652,498.0
483,53.0,525.0,-262.2747252747253,498.0
484,53.0,568.0,-285.90109890109886,498.0
485,53.0,527.0,-263.37362637362634,498.0
486,54.0,574.0,-289.1978021978022,498.0
487,54.0,538.0,-269.4175824175824,498.0
488,54.0,517.0,-257.8791208791209,498.0
489,54.0,627.0,-318.3186813186813,498.0
490,54.0,555.0,-278.75824175824175,498.0
491,54.0,546.0,-273.81318681318686,498.0
492,54.0,509.0,-253.48351648351647,498.0
493,54.0,552.0,-277.1098901098901,498.0
494,54.0,584.0,-294.6923076923077,498.0
495,55.0,630.0,-319.96703296703294,498.0
496,55.0,505.0,-251.28571428571428,498.0
497,55.0,534.0,-267.2197802197802,498.0
498,55.0,529.0,-264.4725274725274,498.0
499,55.0,554.0,-278.20879120879124,498.0
500,55.0,528.0,-263.92307692307696,498.0
501,55.0,534.0,-267.21978021978026,498.0
502,55.0,527.0,-263.37362637362634,498.0
503,55.0,521.0,-260.0769230769231,498.0
504,56.0,547.0,-274.3626373626374,498.0
505,56.0,555.0,-278.7582417582418,498.0
506,56.0,492.0,-244.14285714285717,492.0
507,56.0,564.0,-283.7032967032967,492.0
508,56.0,524.0,-261.7252747252748,492.0
509,56.0,557.0,-279.8571428571429,492.0
510,56.0,557.0,-279.8571428571429,492.0
511,56.0,506.0,-251.83516483516476,492.0
512,56.0,554.0,-278.20879120879124,492.0
513,57.0,528.0,-263.92307692307685,492.0
514,57.0,508.0,-252.93406593406593,492.0
515,57.0,535.0,-267.76923076923083,492.0
516,57.0,525.0,-262.2747252747253,492.0
517,57.0,552.0,-277.10989010989005,492.0
518,57.0,514.0,-256.23076923076917,492.0
519,57.0,525.0,-262.27472527472526,492.0
520,57.0,533.0,-266.6703296703297,492.0
521,57.0,556.0,-279.3076923076923,492.0
522,58.0,555.0,-278.7582417582418,492.0
523,58.0,516.0,-257.32967032967036,492.0
524,58.0,514.0,-256.2307692307693,492.0
525,58.0,532.0,-266.1208791208791,492.0
526,58.0,518.0,-258.42857142857144,492.0
527,58.0,509.0,-253.48351648351658,492.0
528,58.0,510.0,-254.03296703296704,492.0
529,58.0,514.0,-256.2307692307693,492.0
530,58.0,548.0,-274.91208791208794,492.0
531,59.0,544.0,-272.71428571428567,492.0
532,59.0,523.0,-261.1758241758241,492.0
533,59.0,534.0,-267.21978021978026,492.0
534,59.0,509.0,-253.4835164835165,492.0
535,59.0,519.0,-258.978021978022,492.0
536,59.0,505.0,-251.2857142857143,492.0
537,59.0,530.0,-265.02197802197804,492.0
538,59.0,531.0,-265.5714285714286,492.0
539,59.0,516.0,-257.32967032967036,492.0
540,60.0,545.0,-273.26373626373623,492.0
541,60.0,572.0,-288.09890109890125,492.0
542,60.0,545.0,-273.26373626373623,492.0
543,60.0,525.0,-262.2747252747253,492.0
544,60.0,526.0,-262.8241758241758,492.0
545,60.0,521.0,-260.0769230769231,492.0
546,60.0,528.0,-263.92307692307696,492.0
547,60.0,557.0,-279.8571428571429,492.0
548,60.0,550.0,-276.01098901098896,492.0
549,61.0,533.0,-266.67032967032975,492.0
550,61.0,591.0,-298.5384615384615,492.0
551,61.0,514.0,-256.2307692307692,492.0
552,61.0,506.0,-251.83516483516482,492.0
553,61.0,526.0,-262.8241758241758,492.0
554,61.0,547.0,-274.3626373626374,492.0
555,61.0,544.0,-272.7142857142857,492.0
556,61.0,528.0,-263.9230769230769,492.0
557,61.0,623.0,-316.1208791208791,492.0
558,62.0,512.0,-255.13186813186806,492.0
559,62.0,509.0,-253.48351648351658,492.0
560,62.0,517.0,-257.8791208791209,492.0
561,62.0,571.0,-287.5494505494507,492.0
562,62.0,520.0,-259.52747252747247,492.0
563,62.0,549.0,-275.4615384615385,492.0
564,62.0,598.0,-302.3846153846154,492.0
565,62.0,572.0,-288.098901098901,492.0
566,62.0,597.0,-301.8351648351648,492.0
567,63.0,532.0,-266.1208791208792,492.0
568,63.0,544.0,-272.7142857142858,492.0
569,63.0,517.0,-257.87912087912093,492.0
570,63.0,588.0,-296.8901098901099,492.0
571,63.0,552.0,-277.10989010989005,492.0
572,63.0,538.0,-269.4175824175824,492.0
573,63.0,553.0,-277.65934065934067,492.0
574,63.0,554.0,-278.2087912087911,492.0
575,63.0,529.0,-264.4725274725275,492.0
576,64.0,557.0,-279.85714285714283,492.0
577,64.0,527.0,-263.37362637362656,492.0
578,64.0,504.0,-250.7362637362638,492.0
579,64.0,528.0,-263.92307692307696,492.0
580,64.0,564.0,-283.7032967032967,492.0
581,64.0,533.0,-266.67032967032964,492.0
582,64.0,534.0,-267.2197802197803,492.0
583,64.0,511.0,-254.58241758241758,492.0
584,64.0,497.0,-246.8901098901099,492.0
585,65.0,517.0,-257.8791208791209,492.0
586,65.0,551.0,-276.5604395604396,492.0
587,65.0,499.0,-247.98901098901106,492.0
588,65.0,581.0,-293.0439560439561,492.0
589,65.0,531.0,-265.57142857142856,492.0
590,65.0,497.0,-246.89010989010978,492.0
591,65.0,529.0,-264.4725274725274,492.0
592,65.0,549.0,-275.46153846153845,492.0
593,65.0,525.0,-262.27472527472526,492.0
594,66.0,525.0,-262.27472527472526,492.0
595,66.0,513.0,-255.68131868131866,492.0
596,66.0,554.0,-278.2087912087912,492.0
597,66.0,520.0,-259.5274725274725,492.0
598,66.0,563.0,-283.1538461538462,492.0
599,66.0,507.0,-252.38461538461544,492.0
600,66.0,531.0,-265.5714285714286,492.0
601,66.0,533.0,-266.6703296703297,492.0
602,66.0,491.0,-243.5934065934065,491.0
603,67.0,504.0,-250.73626373626377,491.0
604,67.0,510.0,-254.03296703296706,491.0
605,67.0,549.0,-275.46153846153845,491.0
606,67.0,514.0,-256.2307692307693,491.0
607,67.0,507.0,-252.38461538461544,491.0
608,67.0,534.0,-267.21978021978026,491.0
609,67.0,506.0,-251.83516483516485,491.0
610,67.0,564.0,-283.70329670329664,491.0
611,67.0,546.0,-273.81318681318686,491.0
612,68.0,510.0,-254.03296703296698,491.0
613,68.0,535.0,-267.76923076923083,491.0
614,68.0,511.0,-254.58241758241758,491.0
615,68.0,527.0,-263.37362637362634,491.0
616,68.0,520.0,-259.5274725274726,491.0
617,68.0,558.0,-280.4065934065934,491.0
618,68.0,537.0,-268.86813186813185,491.0
619,68.0,518.0,-258.4285714285714,491.0
620,68.0,513.0,-255.68131868131871,491.0
621,69.0,506.0,-251.83516483516482,491.0
622,69.0,504.0,-250.73626373626368,491.0
623,69.0,528.0,-263.9230769230769,491.0
624,69.0,534.0,-267.21978021978026,491.0
625,69.0,518.0,-258.42857142857133,491.0
626,69.0,518.0,-258.42857142857144,491.0
627,69.0,635.0,-322.71428571428567,491.0
628,69.0,502.0,-249.63736263736263,491.0
629,69.0,523.0,-261.1758241758242,491.0
630,70.0,498.0,-247.43956043956047,491.0
631,70.0,510.0,-254.03296703296706,491.0
632,70.0,530.0,-265.02197802197804,491.0
633,70.0,546.0,-273.8131868131868,491.0
634,70.0,525.0,-262.2747252747253,491.0
635,70.0,532.0,-266.1208791208792,491.0
636,70.0,524.0,-261.72527472527474,491.0
637,70.0,539.0,-269.96703296703294,491.0
638,70.0,528.0,-263.92307692307696,491.0
639,71.0,517.0,-257.8791208791209,491.0
640,71.0,540.0,-270.5164835164835,491.0
641,71.0,558.0,-280.4065934065934,491.0
642,71.0,509.0,-253.4835164835165,491.0
643,71.0,529.0,-264.4725274725275,491.0
644,71.0,577.0,-290.8461538461538,491.0
645,71.0,530.0,-265.02197802197804,491.0
646,71.0,497.0,-246.89010989010987,491.0
647,71.0,577.0,-290.84615384615387,491.0
648,72.0,524.0,-261.72527472527474,491.0
649,72.0,527.0,-263.37362637362634,491.0
650,72.0,494.0,-245.2417582417582,491.0
651,72.0,500.0,-248.53846153846155,491.0
652,72.0,533.0,-266.67032967032964,491.0
653,72.0,527.0,-263.37362637362634,491.0
654,72.0,526.0,-262.8241758241758,491.0
655,72.0,531.0,-265.57142857142856,491.0
656,72.0,564.0,-283.7032967032967,491.0
657,73.0,519.0,-258.9780219780219,491.0
658,73.0,496.0,-246.34065934065936,491.0
659,73.0,523.0,-261.1758241758242,491.0
660,73.0,511.0,-254.58241758241758,491.0
661,73.0,490.0,-243.04395604395603,490.0
662,73.0,507.0,-252.3846153846154,490.0
663,73.0,512.0,-255.1318681318681,490.0
664,73.0,505.0,-251.28571428571428,490.0
665,73.0,522.0,-260.6263736263736,490.0
666,74.0,526.0,-262.8241758241758,490.0
667,74.0,505.0,-251.28571428571436,490.0
668,74.0,526.0,-262.8241758241759,490.0
669,74.0,506.0,-251.83516483516485,490.0
670,74.0,499.0,-247.9890109890109,490.0
671,74.0,510.0,-254.032967032967,490.0
672,74.0,522.0,-260.6263736263737,490.0
673,74.0,541.0,-271.0659340659341,490.0
674,74.0,527.0,-263.37362637362634,490.0
675,75.0,507.0,-252.38461538461536,490.0
676,75.0,541.0,-271.065934065934,490.0
677,75.0,511.0,-254.58241758241763,490.0
678,75.0,491.0,-243.59340659340663,490.0
679,75.0,522.0,-260.62637362637366,490.0
680,75.0,510.0,-254.032967032967,490.0
681,75.0,556.0,-279.30769230769226,490.0
682,75.0,551.0,-276.56043956043953,490.0
683,75.0,515.0,-256.78021978021974,490.0
684,76.0,543.0,-272.16483516483515,490.0
685,76.0,516.0,-257.3296703296703,490.0
686,76.0,512.0,-255.1318681318681,490.0
687,76.0,629.0,-319.4175824175825,490.0
688,76.0,514.0,-256.2307692307692,490.0
689,76.0,550.0,-276.01098901098896,490.0
690,76.0,499.0,-247.98901098901098,490.0
691,76.0,521.0,-260.07692307692315,490.0
692,76.0,509.0,-253.48351648351655,490.0
693,77.0,506.0,-251.83516483516482,490.0
694,77.0,502.0,-249.63736263736268,490.0
695,77.0,512.0,-255.1318681318682,490.0
696,77.0,529.0,-264.47252747252753,490.0
697,77.0,493.0,-244.69230769230782,490.0
698,77.0,532.0,-266.1208791208791,490.0
699,77.0,505.0,-251.28571428571433,490.0
700,77.0,523.0,-261.1758241758242,490.0
701,77.0,510.0,-254.03296703296706,490.0
702,78.0,550.0,-276.010989010989,490.0
703,78.0,520.0,-259.5274725274726,490.0
704,78.0,545.0,-273.2637362637363,490.0
705,78.0,531.0,-265.57142857142856,490.0
706,78.0,524.0,-261.7252747252748,490.0
707,78.0,516.0,-257.3296703296703,490.0
708,78.0,516.0,-257.32967032967036,490.0
709,78.0,506.0,-251.83516483516482,490.0
710,78.0,498.0,-247.43956043956047,490.0
711,79.0,494.0,-245.24175824175825,490.0
712,79.0,500.0,-248.53846153846155,490.0
713,79.0,519.0,-258.978021978022,490.0
714,79.0,536.0,-268.31868131868134,490.0
715,79.0,510.0,-254.032967032967,490.0
716,79.0,517.0,-257.8791208791209,490.0
717,79.0,537.0,-268.8681318681318,490.0
718,79.0,504.0,-250.7362637362637,490.0
719,79.0,532.0,-266.12087912087907,490.0
720,80.0,491.0,-243.5934065934066,490.0
721,80.0,515.0,-256.78021978021985,490.0
722,80.0,506.0,-251.8351648351649,490.0
723,80.0,544.0,-272.7142857142857,490.0
724,80.0,571.0,-287.5494505494505,490.0
725,80.0,510.0,-254.03296703296695,490.0
726,80.0,508.0,-252.93406593406593,490.0
727,80.0,517.0,-257.8791208791208,490.0
728,80.0,515.0,-256.7802197802198,490.0
729,81.0,528.0,-263.92307692307696,490.0
730,81.0,534.0,-267.21978021978015,490.0
731,81.0,552.0,-277.1098901098901,490.0
732,81.0,526.0,-262.82417582417577,490.0
733,81.0,497.0,-246.89010989010987,490.0
734,81.0,517.0,-257.8791208791209,490.0
735,81.0,537.0,-268.86813186813185,490.0
736,81.0,515.0,-256.7802197802198,490.0
737,81.0,506.0,-251.8351648351648,490.0
738,82.0,525.0,-262.27472527472526,490.0
739,82.0,547.0,-274.3626373626373,490.0
740,82.0,511.0,-254.58241758241758,490.0
741,82.0,527.0,-263.3736263736264,490.0
742,82.0,506.0,-251.83516483516487,490.0
743,82.0,511.0,-254.58241758241755,490.0
744,82.0,546.0,-273.8131868131868,490.0
745,82.0,502.0,-249.63736263736268,490.0
746,82.0,505.0,-251.28571428571425,490.0
747,83.0,571.0,-287.5494505494505,490.0
748,83.0,548.0,-274.91208791208794,490.0
749,83.0,499.0,-247.98901098901104,490.0
750,83.0,504.0,-250.7362637362638,490.0
751,83.0,529.0,-264.4725274725275,490.0
752,83.0,516.0,-257.32967032967036,490.0
753,83.0,518.0,-258.42857142857144,490.0
754,83.0,534.0,-267.2197802197803,490.0
755,83.0,517.0,-257.8791208791209,490.0
756,84.0,530.0,-265.0219780219781,490.0
757,84.0,527.0,-263.37362637362634,490.0
758,84.0,520.0,-259.5274725274726,490.0
759,84.0,539.0,-269.96703296703294,490.0
760,84.0,545.0,-273.2637362637363,490.0
761,84.0,543.0,-272.16483516483515,490.0
762,84.0,510.0,-254.03296703296698,490.0
763,84.0,501.0,-249.08791208791206,490.0
764,84.0,499.0,-247.98901098901098,490.0
765,85.0,535.0,-267.7692307692308,490.0
766,85.0,512.0,-255.13186813186812,490.0
767,85.0,539.0,-269.967032967033,490.0
768,85.0,514.0,-256.2307692307693,490.0
769,85.0,539.0,-269.967032967033,490.0
770,85.0,519.0,-258.97802197802207,490.0
771,85.0,538.0,-269.41758241758237,490.0
772,85.0,519.0,-258.978021978022,490.0
773,85.0,556.0,-279.3076923076923,490.0
774,86.0,522.0,-260.62637362637355,490.0
775,86.0,544.0,-272.7142857142857,490.0
776,86.0,525.0,-262.2747252747253,490.0
777,86.0,527.0,-263.3736263736264,490.0
778,86.0,529.0,-264.4725274725275,490.0
779,86.0,500.0,-248.53846153846155,490.0
780,86.0,541.0,-271.065934065934,490.0
781,86.0,556.0,-279.3076923076923,490.0
782,86.0,536.0,-268.31868131868134,490.0
783,87.0,540.0,-270.51648351648356,490.0
784,87.0,502.0,-249.63736263736268,490.0
785,87.0,521.0,-260.0769230769231,490.0
786,87.0,537.0,-268.8681318681319,490.0
787,87.0,503.0,-250.18681318681323,490.0
788,87.0,542.0,-271.61538461538464,490.0
789,87.0,521.0,-260.0769230769231,490.0
790,87.0,556.0,-279.30769230769226,490.0
791,87.0,497.0,-246.89010989010987,490.0
792,88.0,516.0,-257.3296703296704,490.0
793,88.0,519.0,-258.978021978022,490.0
794,88.0,537.0,-268.8681318681319,490.0
795,88.0,530.0,-265.02197802197793,490.0
796,88.0,498.0,-247.4395604395604,490.0
797,88.0,554.0,-278.2087912087911,490.0
798,88.0,500.0,-248.53846153846155,490.0
799,88.0,512.0,-255.1318681318682,490.0
800,88.0,561.0,-282.05494505494505,490.0
801,89.0,555.0,-278.75824175824175,490.0
802,89.0,502.0,-249.63736263736263,490.0
803,89.0,512.0,-255.13186813186815,490.0
804,89.0,519.0,-258.978021978022,490.0
805,89.0,551.0,-276.5604395604396,490.0
806,89.0,537.0,-268.86813186813185,490.0
807,89.0,559.0,-280.95604395604397,490.0
808,89.0,535.0,-267.7692307692307,490.0
809,89.0,526.0,-262.82417582417577,490.0
810,90.0,524.0,-261.7252747252747,490.0
811,90.0,567.0,-285.3516483516484,490.0
812,90.0,521.0,-260.0769230769231,490.0
813,90.0,567.0,-285.3516483516484,490.0
814,90.0,501.0,-249.0879120879121,490.0
815,90.0,525.0,-262.27472527472526,490.0
816,90.0,557.0,-279.8571428571428,490.0
817,90.0,567.0,-285.35164835164835,490.0
818,90.0,543.0,-272.16483516483515,490.0
819,91.0,509.0,-253.48351648351647,490.0
820,91.0,525.0,-262.2747252747253,490.0
821,91.0,516.0,-257.3296703296703,490.0
822,91.0,527.0,-263.3736263736264,490.0
823,91.0,537.0,-268.86813186813185,490.0
824,91.0,493.0,-244.69230769230774,490.0
825,91.0,526.0,-262.8241758241758,490.0
826,91.0,523.0,-261.1758241758243,490.0
827,91.0,514.0,-256.2307692307693,490.0
828,92.0,538.0,-269.4175824175824,490.0
829,92.0,495.0,-245.79120879120882,490.0
830,92.0,533.0,-266.67032967032975,490.0
831,92.0,520.0,-259.52747252747247,490.0
832,92.0,526.0,-262.8241758241759,490.0
833,92.0,563.0,-283.1538461538462,490.0
834,92.0,536.0,-268.31868131868134,490.0
835,92.0,507.0,-252.3846153846153,490.0
836,92.0,528.0,-263.9230769230769,490.0
837,93.0,513.0,-255.68131868131874,490.0
838,93.0,501.0,-249.08791208791212,490.0
839,93.0,522.0,-260.6263736263736,490.0
840,93.0,534.0,-267.2197802197802,490.0
841,93.0,547.0,-274.3626373626374,490.0
842,93.0,500.0,-248.5384615384616,490.0
843,93.0,511.0,-254.5824175824176,490.0
844,93.0,544.0,-272.7142857142858,490.0
845,93.0,523.0,-261.1758241758242,490.0
846,94.0,523.0,-261.1758241758241,490.0
847,94.0,516.0,-257.3296703296703,490.0
848,94.0,508.0,-252.9340659340659,490.0
849,94.0,532.0,-266.1208791208791,490.0
850,94.0,521.0,-260.0769230769231,490.0
851,94.0,524.0,-261.7252747252747,490.0
852,94.0,533.0,-266.67032967032964,490.0
853,94.0,501.0,-249.08791208791206,490.0
854,94.0,538.0,-269.41758241758237,490.0
855,95.0,513.0,-255.68131868131866,490.0
856,95.0,498.0,-247.43956043956047,490.0
857,95.0,544.0,-272.7142857142858,490.0
858,95.0,521.0,-260.07692307692304,490.0
859,95.0,562.0,-282.60439560439556,490.0
860,95.0,520.0,-259.5274725274725,490.0
861,95.0,542.0,-271.61538461538464,490.0
862,95.0,529.0,-264.4725274725274,490.0
863,95.0,537.0,-268.86813186813185,490.0
864,96.0,524.0,-261.72527472527474,490.0
865,96.0,542.0,-271.61538461538464,490.0
866,96.0,521.0,-260.07692307692315,490.0
867,96.0,501.0,-249.08791208791206,490.0
868,96.0,561.0,-282.05494505494505,490.0
869,96.0,520.0,-259.5274725274726,490.0
870,96.0,522.0,-260.62637362637366,490.0
871,96.0,511.0,-254.58241758241758,490.0
872,96.0,519.0,-258.97802197802196,490.0
873,97.0,507.0,-252.3846153846154,490.0
874,97.0,502.0,-249.6373626373626,490.0
875,97.0,511.0,-254.5824175824176,490.0
876,97.0,548.0,-274.912087912088,490.0
877,97.0,522.0,-260.6263736263736,490.0
878,97.0,507.0,-252.38461538461536,490.0
879,97.0,533.0,-266.67032967032964,490.0
880,97.0,521.0,-260.07692307692304,490.0
881,97.0,500.0,-248.53846153846158,490.0
882,98.0,488.0,-241.94505494505498,488.0
883,98.0,491.0,-243.59340659340654,488.0
884,98.0,523.0,-261.17582417582423,488.0
885,98.0,517.0,-257.8791208791209,488.0
886,98.0,500.0,-248.53846153846158,488.0
887,98.0,524.0,-261.7252747252747,488.0
888,98.0,513.0,-255.68131868131866,488.0
889,98.0,554.0,-278.20879120879124,488.0
890,98.0,497.0,-246.89010989010984,488.0
891,99.0,567.0,-285.3516483516483,488.0
892,99.0,498.0,-247.43956043956047,488.0
893,99.0,525.0,-262.2747252747253,488.0
894,99.0,511.0,-254.58241758241758,488.0
895,99.0,536.0,-268.31868131868134,488.0
896,99.0,510.0,-254.03296703296706,488.0
897,99.0,520.0,-259.5274725274725,488.0
898,99.0,515.0,-256.78021978021985,488.0
899,99.0,522.0,-260.62637362637366,488.0
900,100.0,509.0,-253.48351648351644,488.0
901,100.0,540.0,-270.51648351648356,488.0
902,100.0,514.0,-256.2307692307693,488.0
903,100.0,502.0,-249.63736263736266,488.0
904,100.0,541.0,-271.0659340659341,488.0
905,100.0,548.0,-274.9120879120879,488.0
906,100.0,517.0,-257.8791208791209,488.0
907,100.0,506.0,-251.83516483516482,488.0
908,100.0,508.0,-252.93406593406596,488.0
909,101.0,532.0,-266.12087912087924,488.0
910,101.0,549.0,-275.46153846153845,488.0
911,101.0,529.0,-264.47252747252753,488.0
912,101.0,492.0,-244.14285714285717,488.0
913,101.0,525.0,-262.2747252747253,488.0
914,101.0,505.0,-251.28571428571433,488.0
915,101.0,547.0,-274.36263736263743,488.0
916,101.0,518.0,-258.42857142857144,488.0
917,101.0,501.0,-249.08791208791206,488.0
918,102.0,500.0,-248.53846153846152,488.0
919,102.0,531.0,-265.57142857142856,488.0
920,102.0,519.0,-258.978021978022,488.0
921,102.0,491.0,-243.59340659340666,488.0
922,102.0,512.0,-255.13186813186817,488.0
923,102.0,506.0,-251.8351648351648,488.0
924,102.0,514.0,-256.2307692307692,488.0
925,102.0,545.0,-273.2637362637363,488.0
926,102.0,512.0,-255.13186813186817,488.0
927,103.0,524.0,-261.72527472527474,488.0
928,103.0,531.0,-265.57142857142856,488.0
929,103.0,510.0,-254.03296703296704,488.0
930,103.0,507.0,-252.38461538461536,488.0
931,103.0,510.0,-254.0329670329671,488.0
932,103.0,532.0,-266.1208791208791,488.0
933,103.0,522.0,-260.62637362637366,488.0
934,103.0,529.0,-264.47252747252753,488.0
935,103.0,526.0,-262.8241758241758,488.0
936,104.0,542.0,-271.61538461538464,488.0
937,104.0,523.0,-261.17582417582423,488.0
938,104.0,538.0,-269.41758241758237,488.0
939,104.0,513.0,-255.68131868131866,488.0
940,104.0,518.0,-258.42857142857144,488.0
941,104.0,512.0,-255.13186813186815,488.0
942,104.0,511.0,-254.58241758241755,488.0
943,104.0,513.0,-255.68131868131874,488.0
944,104.0,513.0,-255.68131868131871,488.0
945,105.0,518.0,-258.42857142857144,488.0
946,105.0,500.0,-248.53846153846152,488.0
947,105.0,513.0,-255.68131868131874,488.0
948,105.0,521.0,-260.0769230769231,488.0
949,105.0,508.0,-252.93406593406593,488.0
950,105.0,502.0,-249.63736263736266,488.0
951,105.0,536.0,-268.31868131868134,488.0
952,105.0,556.0,-279.3076923076923,488.0
953,105.0,516.0,-257.3296703296703,488.0
954,106.0,523.0,-261.1758241758242,488.0
955,106.0,521.0,-260.0769230769231,488.0
956,106.0,542.0,-271.61538461538464,488.0
957,106.0,538.0,-269.4175824175824,488.0
958,106.0,502.0,-249.63736263736266,488.0
959,106.0,529.0,-264.47252747252753,488.0
960,106.0,514.0,-256.2307692307692,488.0
961,106.0,531.0,-265.57142857142856,488.0
962,106.0,503.0,-250.18681318681328,488.0
963,107.0,509.0,-253.4835164835165,488.0
964,107.0,527.0,-263.3736263736264,488.0
965,107.0,534.0,-267.21978021978026,488.0
966,107.0,552.0,-277.10989010989016,488.0
967,107.0,511.0,-254.58241758241755,488.0
968,107.0,517.0,-257.8791208791209,488.0
969,107.0,516.0,-257.32967032967036,488.0
970,107.0,500.0,-248.53846153846152,488.0
971,107.0,522.0,-260.62637362637355,488.0
972,108.0,509.0,-253.4835164835165,488.0
973,108.0,506.0,-251.83516483516482,488.0
974,108.0,498.0,-247.43956043956044,488.0
975,108.0,509.0,-253.4835164835165,488.0
976,108.0,559.0,-280.95604395604397,488.0
977,108.0,560.0,-281.5054945054945,488.0
978,108.0,495.0,-245.7912087912088,488.0
979,108.0,545.0,-273.2637362637363,488.0
980,108.0,520.0,-259.52747252747247,488.0
981,109.0,516.0,-257.32967032967036,488.0
982,109.0,570.0,-287.0,488.0
983,109.0,503.0,-250.18681318681317,488.0
984,109.0,525.0,-262.27472527472526,488.0
985,109.0,506.0,-251.83516483516476,488.0
986,109.0,502.0,-249.6373626373626,488.0
987,109.0,556.0,-279.3076923076923,488.0
988,109.0,522.0,-260.6263736263736,488.0
989,109.0,506.0,-251.83516483516485,488.0
990,110.0,532.0,-266.1208791208791,488.0
991,110.0,538.0,-269.4175824175824,488.0
992,110.0,548.0,-274.91208791208794,488.0
993,110.0,520.0,-259.52747252747247,488.0
994,110.0,507.0,-252.38461538461533,488.0
995,110.0,536.0,-268.31868131868134,488.0
996,110.0,523.0,-261.1758241758242,488.0
997,110.0,496.0,-246.3406593406593,488.0
998,110.0,521.0,-260.0769230769231,488.0
999,111.0,513.0,-255.68131868131866,488.0
1000,111.0,518.0,-258.4285714285715,488.0
1001,111.0,529.0,-264.4725274725275,488.0
1002,111.0,495.0,-245.79120879120882,488.0
1003,111.0,515.0,-256.78021978021985,488.0
1004,111.0,533.0,-266.6703296703297,488.0
1005,111.0,545.0,-273.26373626373623,488.0
1006,111.0,498.0,-247.43956043956044,488.0
1007,111.0,529.0,-264.4725274725275,488.0
1008,112.0,500.0,-248.53846153846163,488.0
1009,112.0,531.0,-265.5714285714286,488.0
1010,112.0,527.0,-263.3736263736264,488.0
1011,112.0,493.0,-244.69230769230774,488.0
1012,112.0,499.0,-247.989010989011,488.0
1013,112.0,553.0,-277.6593406593406,488.0
1014,112.0,504.0,-250.7362637362638,488.0
1015,112.0,517.0,-257.8791208791209,488.0
1016,112.0,495.0,-245.7912087912089,488.0
1017,113.0,530.0,-265.021978021978,488.0
1018,113.0,511.0,-254.58241758241755,488.0
1019,113.0,517.0,-257.8791208791209,488.0
1020,113.0,532.0,-266.12087912087924,488.0
1021,113.0,508.0,-252.934065934066,488.0
1022,113.0,502.0,-249.63736263736257,488.0
1023,113.0,528.0,-263.9230769230769,488.0
1024,113.0,523.0,-261.1758241758242,488.0
1025,113.0,519.0,-258.978021978022,488.0
1026,114.0,525.0,-262.27472527472526,488.0
1027,114.0,571.0,-287.54945054945057,488.0
1028,114.0,524.0,-261.72527472527474,488.0
1029,114.0,525.0,-262.2747252747253,488.0
1030,114.0,526.0,-262.8241758241758,488.0
1031,114.0,528.0,-263.92307692307696,488.0
1032,114.0,504.0,-250.73626373626365,488.0
1033,114.0,510.0,-254.03296703296706,488.0
1034,114.0,516.0,-257.3296703296703,488.0
1035,115.0,517.0,-257.8791208791209,488.0
1036,115.0,490.0,-243.0439560439561,488.0
1037,115.0,524.0,-261.7252747252747,488.0
1038,115.0,546.0,-273.8131868131868,488.0
1039,115.0,534.0,-267.21978021978026,488.0
1040,115.0,510.0,-254.03296703296706,488.0
1041,115.0,528.0,-263.92307692307696,488.0
1042,115.0,504.0,-250.73626373626377,488.0
1043,115.0,558.0,-280.4065934065934,488.0
1044,116.0,517.0,-257.8791208791209,488.0
1045,116.0,509.0,-253.48351648351644,488.0
1046,116.0,529.0,-264.47252747252736,488.0
1047,116.0,498.0,-247.43956043956044,488.0
1048,116.0,527.0,-263.3736263736264,488.0
1049,116.0,531.0,-265.57142857142867,488.0
1050,116.0,504.0,-250.73626373626374,488.0
1051,116.0,500.0,-248.53846153846166,488.0
1052,116.0,516.0,-257.3296703296703,488.0
1053,117.0,513.0,-255.68131868131874,488.0
1054,117.0,517.0,-257.8791208791209,488.0
1055,117.0,516.0,-257.3296703296703,488.0
1056,117.0,529.0,-264.4725274725275,488.0
1057,117.0,514.0,-256.2307692307692,488.0
1058,117.0,511.0,-254.5824175824176,488.0
1059,117.0,497.0,-246.89010989010993,488.0
1060,117.0,510.0,-254.03296703296704,488.0
1061,117.0,515.0,-256.78021978021985,488.0
1062,118.0,495.0,-245.79120879120873,488.0
1063,118.0,498.0,-247.43956043956047,488.0
1064,118.0,533.0,-266.67032967032964,488.0
1065,118.0,537.0,-268.86813186813185,488.0
1066,118.0,512.0,-255.13186813186815,488.0
1067,118.0,529.0,-264.4725274725275,488.0
1068,118.0,502.0,-249.6373626373626,488.0
1069,118.0,512.0,-255.1318681318682,488.0
1070,118.0,537.0,-268.8681318681319,488.0
1071,119.0,505.0,-251.2857142857143,488.0
1072,119.0,508.0,-252.93406593406598,488.0
1073,119.0,494.0,-245.24175824175828,488.0
1074,119.0,511.0,-254.58241758241752,488.0
1075,119.0,554.0,-278.20879120879124,488.0
1076,119.0,531.0,-265.5714285714286,488.0
1077,119.0,522.0,-260.62637362637366,488.0
1078,119.0,522.0,-260.62637362637366,488.0
1079,119.0,518.0,-258.4285714285714,488.0
1080,120.0,515.0,-256.7802197802198,488.0
1081,120.0,538.0,-269.4175824175824,488.0
1082,120.0,514.0,-256.2307692307693,488.0
1083,120.0,502.0,-249.6373626373627,488.0
1084,120.0,511.0,-254.58241758241763,488.0
1085,120.0,542.0,-271.61538461538464,488.0
1086,120.0,510.0,-254.03296703296704,488.0
1087,120.0,515.0,-256.78021978021974,488.0
1088,120.0,509.0,-253.48351648351655,488.0
1089,121.0,526.0,-262.8241758241758,488.0
1090,121.0,522.0,-260.62637362637366,488.0
1091,121.0,519.0,-258.97802197802196,488.0
1092,121.0,513.0,-255.68131868131871,488.0
1093,121.0,508.0,-252.93406593406587,488.0
1094,121.0,503.0,-250.18681318681314,488.0
1095,121.0,538.0,-269.4175824175824,488.0
1096,121.0,495.0,-245.79120879120882,488.0
1097,121.0,529.0,-264.4725274725275,488.0
1098,122.0,516.0,-257.32967032967036,488.0
1099,122.0,517.0,-257.87912087912093,488.0
1100,122.0,512.0,-255.1318681318682,488.0
1101,122.0,514.0,-256.2307692307692,488.0
1102,122.0,526.0,-262.8241758241758,488.0
1103,122.0,512.0,-255.13186813186815,488.0
1104,122.0,490.0,-243.0439560439561,488.0
1105,122.0,505.0,-251.28571428571428,488.0
1106,122.0,523.0,-261.1758241758241,488.0
1107,123.0,528.0,-263.9230769230769,488.0
1108,123.0,550.0,-276.01098901098896,488.0
1109,123.0,534.0,-267.2197802197802,488.0
1110,123.0,511.0,-254.58241758241758,488.0
1111,123.0,545.0,-273.26373626373623,488.0
1112,123.0,491.0,-243.59340659340654,488.0
1113,123.0,535.0,-267.76923076923083,488.0
1114,123.0,517.0,-257.8791208791209,488.0
1115,123.0,545.0,-273.26373626373635,488.0
1116,124.0,499.0,-247.989010989011,488.0
1117,124.0,501.0,-249.08791208791203,488.0
1118,124.0,533.0,-266.67032967032964,488.0
1119,124.0,503.0,-250.18681318681317,488.0
1120,124.0,504.0,-250.7362637362637,488.0
1121,124.0,515.0,-256.7802197802198,488.0
1122,124.0,530.0,-265.021978021978,488.0
1123,124.0,485.0,-240.2967032967033,485.0
1124,124.0,546.0,-273.81318681318675,485.0
1125,125.0,528.0,-263.9230769230769,485.0
1126,125.0,503.0,-250.18681318681323,485.0
1127,125.0,503.0,-250.18681318681317,485.0
1128,125.0,524.0,-261.72527472527474,485.0
1129,125.0,522.0,-260.62637362637366,485.0
1130,125.0,532.0,-266.1208791208791,485.0
1131,125.0,527.0,-263.37362637362634,485.0
1132,125.0,549.0,-275.46153846153845,485.0
1133,125.0,526.0,-262.8241758241759,485.0
1134,126.0,522.0,-260.6263736263736,485.0
1135,126.0,510.0,-254.03296703296704,485.0
1136,126.0,513.0,-255.68131868131871,485.0
1137,126.0,553.0,-277.6593406593407,485.0
1138,126.0,529.0,-264.4725274725275,485.0
1139,126.0,511.0,-254.5824175824176,485.0
1140,126.0,518.0,-258.4285714285715,485.0
1141,126.0,514.0,-256.23076923076917,485.0
1142,126.0,518.0,-258.4285714285715,485.0
1143,127.0,539.0,-269.96703296703294,485.0
1144,127.0,538.0,-269.4175824175825,485.0
1145,127.0,517.0,-257.8791208791209,485.0
1146,127.0,521.0,-260.07692307692315,485.0
1147,127.0,514.0,-256.2307692307692,485.0
1148,127.0,495.0,-245.7912087912088,485.0
1149,127.0,536.0,-268.31868131868134,485.0
1150,127.0,499.0,-247.98901098901104,485.0
1151,127.0,542.0,-271.61538461538464,485.0
1152,128.0,543.0,-272.16483516483515,485.0
1153,128.0,520.0,-259.5274725274725,485.0
1154,128.0,513.0,-255.68131868131871,485.0
1155,128.0,517.0,-257.87912087912093,485.0
1156,128.0,523.0,-261.1758241758242,485.0
1157,128.0,511.0,-254.58241758241766,485.0
1158,128.0,514.0,-256.2307692307692,485.0
1159,128.0,539.0,-269.96703296703305,485.0
1160,128.0,513.0,-255.6813186813187,485.0
1161,129.0,505.0,-251.28571428571428,485.0
1162,129.0,519.0,-258.978021978022,485.0
1163,129.0,539.0,-269.96703296703294,485.0
1164,129.0,510.0,-254.03296703296706,485.0
1165,129.0,520.0,-259.52747252747247,485.0
1166,129.0,509.0,-253.48351648351644,485.0
1167,129.0,524.0,-261.72527472527474,485.0
1168,129.0,517.0,-257.8791208791209,485.0
1169,129.0,527.0,-263.3736263736264,485.0
1170,130.0,513.0,-255.68131868131871,485.0
1171,130.0,518.0,-258.4285714285714,485.0
1172,130.0,498.0,-247.43956043956038,485.0
1173,130.0,518.0,-258.4285714285714,485.0
1174,130.0,528.0,-263.9230769230769,485.0
1175,130.0,506.0,-251.83516483516487,485.0
1176,130.0,529.0,-264.47252747252753,485.0
1177,130.0,514.0,-256.2307692307693,485.0
1178,130.0,519.0,-258.978021978022,485.0
1179,131.0,522.0,-260.6263736263736,485.0
1180,131.0,511.0,-254.5824175824176,485.0
1181,131.0,517.0,-257.8791208791209,485.0
1182,131.0,521.0,-260.0769230769231,485.0
1183,131.0,501.0,-249.087912087912,485.0
1184,131.0,510.0,-254.032967032967,485.0
1185,131.0,509.0,-253.48351648351647,485.0
1186,131.0,498.0,-247.43956043956052,485.0
1187,131.0,529.0,-264.4725274725275,485.0
1188,132.0,508.0,-252.93406593406587,485.0
1189,132.0,490.0,-243.04395604395606,485.0
1190,132.0,495.0,-245.7912087912088,485.0
1191,132.0,509.0,-253.4835164835165,485.0
1192,132.0,504.0,-250.73626373626377,485.0
1193,132.0,507.0,-252.3846153846154,485.0
1194,132.0,516.0,-257.32967032967036,485.0
1195,132.0,504.0,-250.73626373626382,485.0
1196,132.0,517.0,-257.8791208791208,485.0
1197,133.0,499.0,-247.98901098901098,485.0
1198,133.0,539.0,-269.9670329670329,485.0
1199,133.0,512.0,-255.13186813186815,485.0
1200,133.0,526.0,-262.8241758241758,485.0
1201,133.0,516.0,-257.3296703296703,485.0
1202,133.0,507.0,-252.38461538461547,485.0
1203,133.0,502.0,-249.63736263736263,485.0
1204,133.0,516.0,-257.32967032967025,485.0
1205,133.0,492.0,-244.14285714285714,485.0
1206,134.0,525.0,-262.2747252747253,485.0
1207,134.0,500.0,-248.53846153846155,485.0
1208,134.0,506.0,-251.83516483516473,485.0
1209,134.0,516.0,-257.32967032967036,485.0
1210,134.0,503.0,-250.1868131868132,485.0
1211,134.0,511.0,-254.58241758241755,485.0
1212,134.0,513.0,-255.68131868131871,485.0
1213,134.0,498.0,-247.4395604395604,485.0
1214,134.0,496.0,-246.34065934065936,485.0
1215,135.0,510.0,-254.03296703296706,485.0
1216,135.0,506.0,-251.83516483516485,485.0
1217,135.0,505.0,-251.28571428571416,485.0
1218,135.0,495.0,-245.79120879120873,485.0
1219,135.0,521.0,-260.07692307692304,485.0
1220,135.0,521.0,-260.07692307692304,485.0
1221,135.0,533.0,-266.67032967032964,485.0
1222,135.0,503.0,-250.1868131868132,485.0
1223,135.0,529.0,-264.4725274725276,485.0
1224,136.0,502.0,-249.6373626373626,485.0
1225,136.0,512.0,-255.13186813186815,485.0
1226,136.0,512.0,-255.13186813186817,485.0
1227,136.0,533.0,-266.6703296703297,485.0
1228,136.0,502.0,-249.63736263736263,485.0
1229,136.0,519.0,-258.9780219780219,485.0
1230,136.0,524.0,-261.72527472527474,485.0
1231,136.0,520.0,-259.5274725274726,485.0
1232,136.0,503.0,-250.1868131868132,485.0
1233,137.0,518.0,-258.42857142857144,485.0
1234,137.0,501.0,-249.08791208791217,485.0
1235,137.0,495.0,-245.79120879120882,485.0
1236,137.0,541.0,-271.06593406593413,485.0
1237,137.0,505.0,-251.2857142857142,485.0
1238,137.0,528.0,-263.9230769230769,485.0
1239,137.0,540.0,-270.5164835164835,485.0
1240,137.0,508.0,-252.93406593406587,485.0
1241,137.0,530.0,-265.021978021978,485.0
1242,138.0,507.0,-252.38461538461542,485.0
1243,138.0,517.0,-257.87912087912093,485.0
1244,138.0,494.0,-245.24175824175825,485.0
1245,138.0,529.0,-264.4725274725275,485.0
1246,138.0,500.0,-248.53846153846152,485.0
1247,138.0,488.0,-241.94505494505495,485.0
1248,138.0,504.0,-250.7362637362637,485.0
1249,138.0,519.0,-258.97802197802196,485.0
1250,138.0,509.0,-253.48351648351647,485.0
1251,139.0,523.0,-261.17582417582423,485.0
1252,139.0,509.0,-253.48351648351638,485.0
1253,139.0,506.0,-251.83516483516482,485.0
1254,139.0,487.0,-241.3956043956044,485.0
1255,139.0,502.0,-249.63736263736263,485.0
1256,139.0,520.0,-259.5274725274726,485.0
1257,139.0,545.0,-273.2637362637362,485.0
1258,139.0,511.0,-254.58241758241758,485.0
1259,139.0,502.0,-249.63736263736266,485.0
1260,140.0,511.0,-254.58241758241758,485.0
1261,140.0,513.0,-255.6813186813187,485.0
1262,140.0,516.0,-257.32967032967025,485.0
1263,140.0,495.0,-245.79120879120882,485.0
1264,140.0,501.0,-249.08791208791206,485.0
1265,140.0,521.0,-260.07692307692304,485.0
1266,140.0,519.0,-258.9780219780219,485.0
1267,140.0,507.0,-252.38461538461536,485.0
1268,140.0,514.0,-256.2307692307692,485.0
1269,141.0,517.0,-257.87912087912093,485.0
1270,141.0,514.0,-256.23076923076917,485.0
1271,141.0,531.0,-265.5714285714286,485.0
1272,141.0,503.0,-250.1868131868132,485.0
1273,141.0,511.0,-254.58241758241755,485.0
1274,141.0,514.0,-256.23076923076917,485.0
1275,141.0,494.0,-245.24175824175828,485.0
1276,141.0,523.0,-261.1758241758242,485.0
1277,141.0,508.0,-252.93406593406587,485.0
1278,142.0,505.0,-251.28571428571428,485.0
1279,142.0,520.0,-259.5274725274726,485.0
1280,142.0,517.0,-257.8791208791208,485.0
1281,142.0,519.0,-258.97802197802196,485.0
1282,142.0,522.0,-260.6263736263736,485.0
1283,142.0,542.0,-271.6153846153846,485.0
1284,142.0,500.0,-248.53846153846158,485.0
1285,142.0,534.0,-267.2197802197802,485.0
1286,142.0,506.0,-251.83516483516487,485.0
1287,143.0,527.0,-263.3736263736265,485.0
1288,143.0,495.0,-245.7912087912087,485.0
1289,143.0,517.0,-257.8791208791209,485.0
1290,143.0,513.0,-255.6813186813187,485.0
1291,143.0,495.0,-245.79120879120876,485.0
1292,143.0,527.0,-263.3736263736265,485.0
1293,143.0,507.0,-252.38461538461544,485.0
1294,143.0,528.0,-263.9230769230769,485.0
1295,143.0,504.0,-250.73626373626368,485.0
1296,144.0,513.0,-255.68131868131874,485.0
1297,144.0,508.0,-252.9340659340659,485.0
1298,144.0,543.0,-272.16483516483515,485.0
1299,144.0,509.0,-253.48351648351644,485.0
1300,144.0,513.0,-255.6813186813187,485.0
1301,144.0,503.0,-250.18681318681317,485.0
1302,144.0,512.0,-255.13186813186817,485.0
1303,144.0,503.0,-250.1868131868132,485.0
1304,144.0,507.0,-252.38461538461536,485.0
1305,145.0,536.0,-268.31868131868123,485.0
1306,145.0,516.0,-257.3296703296703,485.0
1307,145.0,504.0,-250.73626373626374,485.0
1308,145.0,492.0,-244.1428571428571,485.0
1309,145.0,519.0,-258.97802197802196,485.0
1310,145.0,501.0,-249.08791208791203,485.0
1311,145.0,506.0,-251.8351648351648,485.0
1312,145.0,503.0,-250.18681318681323,485.0
1313,145.0,538.0,-269.4175824175824,485.0
1314,146.0,509.0,-253.48351648351652,485.0
1315,146.0,510.0,-254.03296703296706,485.0
1316,146.0,495.0,-245.79120879120882,485.0
1317,146.0,528.0,-263.92307692307696,485.0
1318,146.0,534.0,-267.2197802197803,485.0
1319,146.0,509.0,-253.48351648351647,485.0
1320,146.0,515.0,-256.7802197802198,485.0
1321,146.0,541.0,-271.065934065934,485.0
1322,146.0,524.0,-261.7252747252747,485.0
1323,147.0,542.0,-271.61538461538464,485.0
1324,147.0,501.0,-249.08791208791206,485.0
1325,147.0,508.0,-252.93406593406587,485.0
1326,147.0,484.0,-239.7472527472528,484.0
1327,147.0,532.0,-266.1208791208791,484.0
1328,147.0,508.0,-252.9340659340659,484.0
1329,147.0,533.0,-266.67032967032964,484.0
1330,147.0,495.0,-245.7912087912087,484.0
1331,147.0,505.0,-251.28571428571428,484.0
1332,148.0,519.0,-258.97802197802196,484.0
1333,148.0,518.0,-258.42857142857144,484.0
1334,148.0,509.0,-253.48351648351644,484.0
1335,148.0,505.0,-251.28571428571422,484.0
1336,148.0,498.0,-247.43956043956047,484.0
1337,148.0,498.0,-247.43956043956044,484.0
1338,148.0,499.0,-247.98901098901095,484.0
1339,148.0,525.0,-262.27472527472526,484.0
1340,148.0,527.0,-263.3736263736265,484.0
1341,149.0,512.0,-255.13186813186812,484.0
1342,149.0,506.0,-251.83516483516482,484.0
1343,149.0,541.0,-271.0659340659341,484.0
1344,149.0,521.0,-260.0769230769231,484.0
1345,149.0,495.0,-245.7912087912087,484.0
1346,149.0,530.0,-265.021978021978,484.0
1347,149.0,495.0,-245.7912087912087,484.0
1348,149.0,511.0,-254.58241758241758,484.0
1349,149.0,503.0,-250.1868131868132,484.0
1350,150.0,523.0,-261.1758241758242,484.0
1351,150.0,529.0,-264.4725274725275,484.0
1352,150.0,533.0,-266.6703296703297,484.0
1353,150.0,521.0,-260.07692307692304,484.0
1354,150.0,503.0,-250.18681318681323,484.0
1355,150.0,506.0,-251.83516483516487,484.0
1356,150.0,518.0,-258.4285714285714,484.0
1357,150.0,514.0,-256.2307692307693,484.0
1358,150.0,508.0,-252.93406593406593,484.0
1359,151.0,525.0,-262.27472527472526,484.0
1360,151.0,504.0,-250.73626373626377,484.0
1361,151.0,504.0,-250.7362637362638,484.0
1362,151.0,494.0,-245.24175824175828,484.0
1363,151.0,518.0,-258.42857142857144,484.0
1364,151.0,496.0,-246.3406593406593,484.0
1365,151.0,505.0,-251.28571428571425,484.0
1366,151.0,505.0,-251.2857142857142,484.0
1367,151.0,515.0,-256.78021978021974,484.0
1368,152.0,496.0,-246.3406593406593,484.0
1369,152.0,528.0,-263.9230769230769,484.0
1370,152.0,535.0,-267.7692307692308,484.0
1371,152.0,511.0,-254.58241758241758,484.0
1372,152.0,495.0,-245.7912087912087,484.0
1373,152.0,529.0,-264.4725274725274,484.0
1374,152.0,504.0,-250.7362637362637,484.0
1375,152.0,496.0,-246.3406593406593,484.0
1376,152.0,510.0,-254.032967032967,484.0
1377,153.0,515.0,-256.7802197802198,484.0
1378,153.0,510.0,-254.03296703296706,484.0
1379,153.0,496.0,-246.3406593406593,484.0
1380,153.0,510.0,-254.03296703296706,484.0
1381,153.0,496.0,-246.3406593406593,484.0
1382,153.0,497.0,-246.89010989010993,484.0
1383,153.0,502.0,-249.63736263736268,484.0
1384,153.0,521.0,-260.0769230769231,484.0
1385,153.0,518.0,-258.42857142857144,484.0
1386,154.0,554.0,-278.20879120879124,484.0
1387,154.0,504.0,-250.73626373626377,484.0
1388,154.0,509.0,-253.48351648351647,484.0
1389,154.0,494.0,-245.24175824175828,484.0
1390,154.0,513.0,-255.68131868131871,484.0
1391,154.0,520.0,-259.52747252747247,484.0
1392,154.0,493.0,-244.69230769230768,484.0
1393,154.0,502.0,-249.63736263736268,484.0
1394,154.0,505.0,-251.28571428571425,484.0
1395,155.0,516.0,-257.3296703296703,484.0
1396,155.0,496.0,-246.3406593406593,484.0
1397,155.0,493.0,-244.69230769230774,484.0
1398,155.0,498.0,-247.4395604395604,484.0
1399,155.0,518.0,-258.4285714285715,484.0
1400,155.0,501.0,-249.08791208791212,484.0
1401,155.0,521.0,-260.07692307692304,484.0
1402,155.0,522.0,-260.62637362637366,484.0
1403,155.0,511.0,-254.58241758241758,484.0
1404,156.0,502.0,-249.6373626373626,484.0
1405,156.0,513.0,-255.68131868131871,484.0
1406,156.0,509.0,-253.48351648351647,484.0
1407,156.0,540.0,-270.5164835164835,484.0
1408,156.0,523.0,-261.1758241758241,484.0
1409,156.0,486.0,-240.8461538461538,484.0
1410,156.0,512.0,-255.13186813186817,484.0
1411,156.0,536.0,-268.31868131868134,484.0
1412,156.0,523.0,-261.1758241758242,484.0
1413,157.0,523.0,-261.1758241758242,484.0
1414,157.0,503.0,-250.1868131868132,484.0
1415,157.0,494.0,-245.2417582417582,484.0
1416,157.0,500.0,-248.53846153846146,484.0
1417,157.0,509.0,-253.48351648351647,484.0
1418,157.0,502.0,-249.63736263736268,484.0
1419,157.0,502.0,-249.63736263736268,484.0
1420,157.0,504.0,-250.7362637362638,484.0
1421,157.0,514.0,-256.2307692307693,484.0
1422,158.0,503.0,-250.18681318681323,484.0
1423,158.0,508.0,-252.9340659340659,484.0
1424,158.0,510.0,-254.03296703296704,484.0
1425,158.0,534.0,-267.2197802197803,484.0
1426,158.0,530.0,-265.021978021978,484.0
1427,158.0,507.0,-252.38461538461547,484.0
1428,158.0,516.0,-257.32967032967036,484.0
1429,158.0,514.0,-256.23076923076917,484.0
1430,158.0,516.0,-257.3296703296703,484.0
1431,159.0,498.0,-247.43956043956047,484.0
1432,159.0,511.0,-254.58241758241758,484.0
1433,159.0,520.0,-259.5274725274725,484.0
1434,159.0,513.0,-255.68131868131871,484.0
1435,159.0,531.0,-265.57142857142856,484.0
1436,159.0,503.0,-250.18681318681323,484.0
1437,159.0,508.0,-252.93406593406593,484.0
1438,159.0,492.0,-244.1428571428571,484.0
1439,159.0,512.0,-255.13186813186812,484.0
1440,160.0,516.0,-257.3296703296703,484.0
1441,160.0,536.0,-268.31868131868134,484.0
1442,160.0,503.0,-250.1868131868132,484.0
1443,160.0,509.0,-253.48351648351647,484.0
1444,160.0,498.0,-247.43956043956047,484.0
1445,160.0,499.0,-247.98901098901095,484.0
1446,160.0,525.0,-262.2747252747252,484.0
1447,160.0,509.0,-253.4835164835165,484.0
1448,160.0,518.0,-258.4285714285715,484.0
1449,161.0,514.0,-256.2307692307692,484.0
1450,161.0,501.0,-249.08791208791212,484.0
1451,161.0,497.0,-246.8901098901099,484.0
1452,161.0,500.0,-248.53846153846155,484.0
1453,161.0,526.0,-262.8241758241759,484.0
1454,161.0,508.0,-252.93406593406593,484.0
1455,161.0,499.0,-247.98901098901098,484.0
1456,161.0,510.0,-254.03296703296706,484.0
1457,161.0,508.0,-252.93406593406593,484.0
1458,162.0,518.0,-258.4285714285715,484.0
1459,162.0,504.0,-250.7362637362637,484.0
1460,162.0,497.0,-246.89010989010993,484.0
1461,162.0,511.0,-254.58241758241758,484.0
1462,162.0,505.0,-251.28571428571425,484.0
1463,162.0,519.0,-258.9780219780219,484.0
1464,162.0,500.0,-248.53846153846155,484.0
1465,162.0,521.0,-260.0769230769231,484.0
1466,162.0,523.0,-261.17582417582423,484.0
1467,163.0,510.0,-254.03296703296706,484.0
1468,163.0,495.0,-245.79120879120876,484.0
1469,163.0,518.0,-258.42857142857144,484.0
1470,163.0,518.0,-258.4285714285715,484.0
1471,163.0,520.0,-259.5274725274726,484.0
1472,163.0,496.0,-246.3406593406593,484.0
1473,163.0,505.0,-251.28571428571425,484.0
1474,163.0,498.0,-247.43956043956044,484.0
1475,163.0,498.0,-247.43956043956047,484.0
1476,164.0,516.0,-257.3296703296703,484.0
1477,164.0,496.0,-246.34065934065933,484.0
1478,164.0,497.0,-246.89010989010987,484.0
1479,164.0,492.0,-244.14285714285717,484.0
1480,164.0,494.0,-245.24175824175828,484.0
1481,164.0,510.0,-254.0329670329671,484.0
1482,164.0,500.0,-248.53846153846146,484.0
1483,164.0,511.0,-254.58241758241758,484.0
1484,164.0,497.0,-246.89010989010995,484.0
1485,165.0,500.0,-248.53846153846155,484.0
1486,165.0,503.0,-250.1868131868132,484.0
1487,165.0,511.0,-254.58241758241758,484.0
1488,165.0,509.0,-253.48351648351655,484.0
1489,165.0,509.0,-253.48351648351647,484.0
1490,165.0,505.0,-251.2857142857142,484.0
1491,165.0,504.0,-250.73626373626377,484.0
1492,165.0,496.0,-246.3406593406593,484.0
1493,165.0,498.0,-247.43956043956047,484.0
1494,166.0,506.0,-251.83516483516482,484.0
1495,166.0,505.0,-251.28571428571425,484.0
1496,166.0,516.0,-257.3296703296703,484.0
1497,166.0,506.0,-251.83516483516485,484.0
1498,166.0,546.0,-273.81318681318675,484.0
1499,166.0,507.0,-252.38461538461536,484.0
1500,166.0,530.0,-265.02197802197804,484.0
1501,166.0,504.0,-250.73626373626365,484.0
1502,166.0,511.0,-254.58241758241758,484.0
1503,167.0,522.0,-260.62637362637355,484.0
1504,167.0,525.0,-262.27472527472537,484.0
1505,167.0,504.0,-250.73626373626365,484.0
1506,167.0,500.0,-248.53846153846152,484.0
1507,167.0,507.0,-252.38461538461536,484.0
1508,167.0,502.0,-249.63736263736268,484.0
1509,167.0,524.0,-261.72527472527463,484.0
1510,167.0,509.0,-253.48351648351647,484.0
1511,167.0,487.0,-241.3956043956044,484.0
1512,168.0,496.0,-246.34065934065936,484.0
1513,168.0,507.0,-252.38461538461536,484.0
1514,168.0,504.0,-250.73626373626377,484.0
1515,168.0,523.0,-261.1758241758241,484.0
1516,168.0,503.0,-250.18681318681323,484.0
1517,168.0,504.0,-250.7362637362637,484.0
1518,168.0,507.0,-252.38461538461544,484.0
1519,168.0,507.0,-252.38461538461536,484.0
1520,168.0,503.0,-250.1868131868132,484.0
1521,169.0,500.0,-248.53846153846146,484.0
1522,169.0,505.0,-251.28571428571428,484.0
1523,169.0,518.0,-258.4285714285715,484.0
1524,169.0,497.0,-246.89010989010995,484.0
1525,169.0,516.0,-257.3296703296703,484.0
1526,169.0,492.0,-244.14285714285717,484.0
1527,169.0,507.0,-252.3846153846153,484.0
1528,169.0,528.0,-263.92307692307696,484.0
1529,169.0,496.0,-246.3406593406593,484.0
1530,170.0,505.0,-251.2857142857142,484.0
1531,170.0,532.0,-266.12087912087907,484.0
1532,170.0,500.0,-248.53846153846155,484.0
1533,170.0,504.0,-250.73626373626377,484.0
1534,170.0,504.0,-250.73626373626377,484.0
1535,170.0,512.0,-255.1318681318681,484.0
1536,170.0,519.0,-258.97802197802196,484.0
1537,170.0,507.0,-252.38461538461536,484.0
1538,170.0,512.0,-255.13186813186817,484.0
1539,171.0,492.0,-244.14285714285717,484.0
1540,171.0,509.0,-253.48351648351647,484.0
1541,171.0,507.0,-252.3846153846153,484.0
1542,171.0,534.0,-267.2197802197803,484.0
1543,171.0,511.0,-254.58241758241758,484.0
1544,171.0,497.0,-246.89010989010995,484.0
1545,171.0,505.0,-251.2857142857143,484.0
1546,171.0,505.0,-251.28571428571425,484.0
1547,171.0,486.0,-240.8461538461538,484.0
1548,172.0,509.0,-253.48351648351647,484.0
1549,172.0,506.0,-251.83516483516485,484.0
1550,172.0,505.0,-251.28571428571433,484.0
1551,172.0,491.0,-243.5934065934065,484.0
1552,172.0,504.0,-250.73626373626377,484.0
1553,172.0,491.0,-243.5934065934066,484.0
1554,172.0,504.0,-250.73626373626377,484.0
1555,172.0,496.0,-246.3406593406593,484.0
1556,172.0,507.0,-252.3846153846154,484.0
1557,173.0,511.0,-254.58241758241758,484.0
1558,173.0,511.0,-254.58241758241755,484.0
1559,173.0,504.0,-250.73626373626377,484.0
1560,173.0,503.0,-250.1868131868132,484.0
1561,173.0,516.0,-257.3296703296703,484.0
1562,173.0,499.0,-247.98901098901092,484.0
1563,173.0,514.0,-256.2307692307692,484.0
1564,173.0,505.0,-251.2857142857142,484.0
1565,173.0,504.0,-250.7362637362637,484.0
1566,174.0,500.0,-248.53846153846155,484.0
1567,174.0,522.0,-260.6263736263737,484.0
1568,174.0,512.0,-255.13186813186812,484.0
1569,174.0,511.0,-254.58241758241758,484.0
1570,174.0,511.0,-254.58241758241758,484.0
1571,174.0,504.0,-250.73626373626377,484.0
1572,174.0,503.0,-250.18681318681323,484.0
1573,174.0,511.0,-254.58241758241755,484.0
1574,174.0,500.0,-248.53846153846155,484.0
1575,175.0,507.0,-252.38461538461536,484.0
1576,175.0,536.0,-268.3186813186813,484.0
1577,175.0,495.0,-245.7912087912087,484.0
1578,175.0,511.0,-254.58241758241752,484.0
1579,175.0,515.0,-256.78021978021985,484.0
1580,175.0,505.0,-251.28571428571422,484.0
1581,175.0,508.0,-252.93406593406587,484.0
1582,175.0,509.0,-253.48351648351652,484.0
1583,175.0,506.0,-251.83516483516487,484.0
1584,176.0,540.0,-270.5164835164835,484.0
1585,176.0,509.0,-253.4835164835165,484.0
1586,176.0,507.0,-252.3846153846154,484.0
1587,176.0,504.0,-250.7362637362638,484.0
1588,176.0,496.0,-246.3406593406593,484.0
1589,176.0,522.0,-260.6263736263736,484.0
1590,176.0,495.0,-245.79120879120882,484.0
1591,176.0,512.0,-255.13186813186812,484.0
1592,176.0,502.0,-249.63736263736254,484.0
1593,177.0,504.0,-250.73626373626377,484.0
1594,177.0,491.0,-243.59340659340663,484.0
1595,177.0,506.0,-251.83516483516487,484.0
1596,177.0,514.0,-256.2307692307692,484.0
1597,177.0,505.0,-251.28571428571428,484.0
1598,177.0,502.0,-249.63736263736268,484.0
1599,177.0,491.0,-243.5934065934065,484.0
1600,177.0,497.0,-246.89010989010995,484.0
1601,177.0,503.0,-250.1868131868132,484.0
1602,178.0,508.0,-252.93406593406593,484.0
1603,178.0,500.0,-248.5384615384616,484.0
1604,178.0,500.0,-248.53846153846158,484.0
1605,178.0,506.0,-251.83516483516485,484.0
1606,178.0,496.0,-246.34065934065936,484.0
1607,178.0,504.0,-250.73626373626374,484.0
1608,178.0,558.0,-280.4065934065934,484.0
1609,178.0,516.0,-257.3296703296703,484.0
1610,178.0,494.0,-245.2417582417583,484.0
1611,179.0,508.0,-252.93406593406593,484.0
1612,179.0,509.0,-253.4835164835165,484.0
1613,179.0,508.0,-252.93406593406593,484.0
1614,179.0,499.0,-247.989010989011,484.0
1615,179.0,509.0,-253.4835164835165,484.0
1616,179.0,510.0,-254.03296703296704,484.0
1617,179.0,501.0,-249.087912087912,484.0
1618,179.0,496.0,-246.3406593406593,484.0
1619,179.0,507.0,-252.3846153846153,484.0
1620,180.0,521.0,-260.07692307692304,484.0
1621,180.0,508.0,-252.934065934066,484.0
1622,180.0,505.0,-251.28571428571422,484.0
1623,180.0,501.0,-249.087912087912,484.0
1624,180.0,509.0,-253.48351648351647,484.0
1625,180.0,524.0,-261.72527472527474,484.0
1626,180.0,504.0,-250.73626373626377,484.0
1627,180.0,517.0,-257.8791208791209,484.0
1628,180.0,521.0,-260.07692307692304,484.0
1629,181.0,520.0,-259.5274725274725,484.0
1630,181.0,492.0,-244.14285714285717,484.0
1631,181.0,504.0,-250.73626373626377,484.0
1632,181.0,535.0,-267.76923076923083,484.0
1633,181.0,500.0,-248.53846153846155,484.0
1634,181.0,505.0,-251.2857142857142,484.0
1635,181.0,511.0,-254.58241758241758,484.0
1636,181.0,512.0,-255.13186813186817,484.0
1637,181.0,517.0,-257.8791208791209,484.0
1638,182.0,525.0,-262.27472527472526,484.0
1639,182.0,505.0,-251.28571428571425,484.0
1640,182.0,504.0,-250.73626373626377,484.0
1641,182.0,505.0,-251.2857142857142,484.0
1642,182.0,500.0,-248.53846153846155,484.0
1643,182.0,505.0,-251.28571428571422,484.0
1644,182.0,486.0,-240.8461538461538,484.0
1645,182.0,505.0,-251.28571428571425,484.0
1646,182.0,502.0,-249.63736263736268,484.0
1647,183.0,520.0,-259.5274725274726,484.0
1648,183.0,494.0,-245.2417582417582,484.0
1649,183.0,506.0,-251.83516483516482,484.0
1650,183.0,506.0,-251.83516483516482,484.0
1651,183.0,500.0,-248.53846153846155,484.0
1652,183.0,518.0,-258.4285714285714,484.0
1653,183.0,501.0,-249.08791208791206,484.0
1654,183.0,509.0,-253.48351648351655,484.0
1655,183.0,496.0,-246.34065934065936,484.0
1656,184.0,511.0,-254.5824175824176,484.0
1657,184.0,509.0,-253.48351648351655,484.0
1658,184.0,509.0,-253.48351648351647,484.0
1659,184.0,504.0,-250.73626373626377,484.0
1660,184.0,504.0,-250.73626373626365,484.0
1661,184.0,505.0,-251.2857142857142,484.0
1662,184.0,515.0,-256.78021978021985,484.0
1663,184.0,501.0,-249.087912087912,484.0
1664,184.0,503.0,-250.1868131868132,484.0
1665,185.0,517.0,-257.87912087912093,484.0
1666,185.0,510.0,-254.0329670329671,484.0
1667,185.0,496.0,-246.34065934065936,484.0
1668,185.0,509.0,-253.48351648351647,484.0
1669,185.0,497.0,-246.89010989010987,484.0
1670,185.0,496.0,-246.34065934065936,484.0
1671,185.0,502.0,-249.63736263736268,484.0
1672,185.0,496.0,-246.34065934065936,484.0
1673,185.0,500.0,-248.53846153846155,484.0
1674,186.0,504.0,-250.73626373626368,484.0
1675,186.0,509.0,-253.48351648351647,484.0
1676,186.0,504.0,-250.73626373626377,484.0
1677,186.0,500.0,-248.53846153846155,484.0
1678,186.0,496.0,-246.3406593406593,484.0
1679,186.0,507.0,-252.38461538461536,484.0
1680,186.0,500.0,-248.53846153846155,484.0
1681,186.0,500.0,-248.53846153846155,484.0
1682,186.0,509.0,-253.48351648351647,484.0
1683,187.0,508.0,-252.93406593406593,484.0
1684,187.0,512.0,-255.13186813186812,484.0
1685,187.0,496.0,-246.34065934065936,484.0
1686,187.0,505.0,-251.28571428571425,484.0
1687,187.0,489.0,-242.49450549450555,484.0
1688,187.0,504.0,-250.73626373626368,484.0
1689,187.0,496.0,-246.34065934065936,484.0
1690,187.0,517.0,-257.8791208791208,484.0
1691,187.0,500.0,-248.53846153846155,484.0
1692,188.0,492.0,-244.14285714285717,484.0
1693,188.0,543.0,-272.1648351648352,484.0
1694,188.0,539.0,-269.967032967033,484.0
1695,188.0,502.0,-249.6373626373626,484.0
1696,188.0,509.0,-253.4835164835165,484.0
1697,188.0,506.0,-251.83516483516482,484.0
1698,188.0,521.0,-260.0769230769231,484.0
1699,188.0,514.0,-256.23076923076917,484.0
1700,188.0,505.0,-251.2857142857142,484.0
1701,189.0,492.0,-244.14285714285717,484.0
1702,189.0,502.0,-249.63736263736268,484.0
1703,189.0,509.0,-253.48351648351647,484.0
1704,189.0,500.0,-248.5384615384615,484.0
1705,189.0,496.0,-246.34065934065936,484.0
1706,189.0,496.0,-246.34065934065936,484.0
1707,189.0,508.0,-252.93406593406593,484.0
1708,189.0,503.0,-250.1868131868132,484.0
1709,189.0,505.0,-251.28571428571422,484.0
1710,190.0,492.0,-244.14285714285717,484.0
1711,190.0,505.0,-251.2857142857142,484.0
1712,190.0,492.0,-244.14285714285717,484.0
1713,190.0,504.0,-250.7362637362637,484.0
1714,190.0,505.0,-251.28571428571425,484.0
1715,190.0,496.0,-246.34065934065936,484.0
1716,190.0,489.0,-242.49450549450555,484.0
1717,190.0,504.0,-250.73626373626377,484.0
1718,190.0,513.0,-255.68131868131874,484.0
1719,191.0,532.0,-266.1208791208791,484.0
1720,191.0,498.0,-247.43956043956047,484.0
1721,191.0,496.0,-246.34065934065936,484.0
1722,191.0,521.0,-260.07692307692304,484.0
1723,191.0,502.0,-249.6373626373626,484.0
1724,191.0,504.0,-250.73626373626377,484.0
1725,191.0,501.0,-249.087912087912,484.0
1726,191.0,512.0,-255.1318681318682,484.0
1727,191.0,509.0,-253.48351648351647,484.0
1728,192.0,496.0,-246.3406593406593,484.0
1729,192.0,517.0,-257.8791208791208,484.0
1730,192.0,505.0,-251.2857142857142,484.0
1731,192.0,492.0,-244.14285714285717,484.0
1732,192.0,502.0,-249.6373626373626,484.0
1733,192.0,517.0,-257.8791208791208,484.0
1734,192.0,491.0,-243.5934065934065,484.0
1735,192.0,505.0,-251.28571428571425,484.0
1736,192.0,492.0,-244.14285714285717,484.0
1737,193.0,519.0,-258.97802197802196,484.0
1738,193.0,511.0,-254.58241758241763,484.0
1739,193.0,496.0,-246.3406593406593,484.0
1740,193.0,492.0,-244.14285714285717,484.0
1741,193.0,506.0,-251.83516483516476,484.0
1742,193.0,492.0,-244.14285714285717,484.0
1743,193.0,489.0,-242.49450549450555,484.0
1744,193.0,507.0,-252.38461538461536,484.0
1745,193.0,501.0,-249.08791208791212,484.0
1746,194.0,486.0,-240.8461538461538,484.0
1747,194.0,492.0,-244.14285714285717,484.0
1748,194.0,489.0,-242.49450549450555,484.0
1749,194.0,489.0,-242.49450549450555,484.0
1750,194.0,522.0,-260.6263736263736,484.0
1751,194.0,516.0,-257.32967032967036,484.0
1752,194.0,506.0,-251.83516483516485,484.0
1753,194.0,496.0,-246.34065934065936,484.0
1754,194.0,504.0,-250.73626373626377,484.0
1755,195.0,515.0,-256.7802197802198,484.0
1756,195.0,496.0,-246.34065934065936,484.0
1757,195.0,486.0,-240.8461538461538,484.0
1758,195.0,509.0,-253.4835164835165,484.0
1759,195.0,496.0,-246.34065934065936,484.0
1760,195.0,517.0,-257.8791208791208,484.0
1761,195.0,496.0,-246.34065934065936,484.0
1762,195.0,489.0,-242.49450549450555,484.0
1763,195.0,496.0,-246.34065934065936,484.0
1764,196.0,492.0,-244.14285714285717,484.0
1765,196.0,489.0,-242.49450549450555,484.0
1766,196.0,489.0,-242.49450549450555,484.0
1767,196.0,504.0,-250.73626373626377,484.0
1768,196.0,506.0,-251.8351648351649,484.0
1769,196.0,496.0,-246.34065934065936,484.0
1770,196.0,516.0,-257.32967032967036,484.0
1771,196.0,492.0,-244.14285714285717,484.0
1772,196.0,489.0,-242.49450549450555,484.0
1773,197.0,517.0,-257.8791208791209,484.0
1774,197.0,509.0,-253.4835164835165,484.0
1775,197.0,503.0,-250.18681318681317,484.0
1776,197.0,507.0,-252.38461538461542,484.0
1777,197.0,489.0,-242.49450549450555,484.0
1778,197.0,492.0,-244.14285714285717,484.0
1779,197.0,489.0,-242.49450549450555,484.0
1780,197.0,492.0,-244.14285714285717,484.0
1781,197.0,503.0,-250.18681318681317,484.0
1782,198.0,514.0,-256.2307692307693,484.0
1783,198.0,492.0,-244.14285714285717,484.0
1784,198.0,486.0,-240.8461538461538,484.0
1785,198.0,489.0,-242.49450549450555,484.0
1786,198.0,503.0,-250.18681318681317,484.0
1787,198.0,491.0,-243.5934065934066,484.0
1788,198.0,489.0,-242.49450549450555,484.0
1789,198.0,507.0,-252.38461538461542,484.0
1790,198.0,489.0,-242.49450549450555,484.0
1791,199.0,492.0,-244.14285714285717,484.0
1792,199.0,489.0,-242.49450549450555,484.0
1793,199.0,486.0,-240.8461538461538,484.0
1794,199.0,489.0,-242.49450549450555,484.0
1795,199.0,503.0,-250.18681318681317,484.0
1796,199.0,505.0,-251.28571428571422,484.0
1797,199.0,505.0,-251.2857142857142,484.0
1798,199.0,513.0,-255.68131868131871,484.0
1799,199.0,489.0,-242.49450549450555,484.0
1800,200.0,496.0,-246.3406593406593,484.0
1801,200.0,486.0,-240.8461538461538,484.0
1802,200.0,513.0,-255.68131868131871,484.0
1803,200.0,489.0,-242.49450549450555,484.0
1804,200.0,489.0,-242.49450549450555,484.0
1805,200.0,486.0,-240.8461538461538,484.0
1806,200.0,486.0,-240.8461538461538,484.0
1807,200.0,492.0,-244.14285714285717,484.0
1808,200.0,486.0,-240.8461538461538,484.0
1809,201.0,486.0,-240.8461538461538,484.0
1810,201.0,513.0,-255.68131868131871,484.0
1811,201.0,486.0,-240.8461538461538,484.0
1812,201.0,486.0,-240.8461538461538,484.0
1813,201.0,504.0,-250.73626373626377,484.0
1814,201.0,496.0,-246.3406593406593,484.0
1815,201.0,504.0,-250.73626373626377,484.0
1816,201.0,492.0,-244.14285714285717,484.0
1817,201.0,486.0,-240.8461538461538,484.0
1818,202.0,486.0,-240.8461538461538,484.0
1819,202.0,486.0,-240.8461538461538,484.0
1820,202.0,548.0,-274.912087912088,484.0
1821,202.0,486.0,-240.8461538461538,484.0
1822,202.0,496.0,-246.34065934065936,484.0
1823,202.0,489.0,-242.49450549450552,484.0
1824,202.0,486.0,-240.8461538461538,484.0
1825,202.0,556.0,-279.3076923076924,484.0
1826,202.0,489.0,-242.49450549450552,484.0
1827,203.0,496.0,-246.34065934065936,484.0
1828,203.0,486.0,-240.8461538461538,484.0
1829,203.0,508.0,-252.93406593406587,484.0
1830,203.0,496.0,-246.34065934065936,484.0
1831,203.0,508.0,-252.93406593406593,484.0
1832,203.0,486.0,-240.8461538461538,484.0
1833,203.0,496.0,-246.34065934065936,484.0
1834,203.0,517.0,-257.8791208791208,484.0
1835,203.0,496.0,-246.34065934065936,484.0
1836,204.0,486.0,-240.8461538461538,484.0
1837,204.0,486.0,-240.8461538461538,484.0
1838,204.0,486.0,-240.8461538461538,484.0
1839,204.0,524.0,-261.72527472527474,484.0
1840,204.0,492.0,-244.14285714285717,484.0
1841,204.0,486.0,-240.8461538461538,484.0
1842,204.0,489.0,-242.49450549450552,484.0
1843,204.0,486.0,-240.8461538461538,484.0
1844,204.0,492.0,-244.14285714285717,484.0
1845,205.0,489.0,-242.49450549450552,484.0
1846,205.0,486.0,-240.8461538461538,484.0
1847,205.0,486.0,-240.8461538461538,484.0
1848,205.0,486.0,-240.8461538461538,484.0
1849,205.0,492.0,-244.14285714285717,484.0
1850,205.0,486.0,-240.8461538461538,484.0
1851,205.0,486.0,-240.8461538461538,484.0
1852,205.0,486.0,-240.8461538461538,484.0
1853,205.0,486.0,-240.8461538461538,484.0
1854,206.0,489.0,-242.49450549450555,484.0
1855,206.0,486.0,-240.8461538461538,484.0
1856,206.0,501.0,-249.087912087912,484.0
1857,206.0,503.0,-250.18681318681317,484.0
1858,206.0,489.0,-242.49450549450552,484.0
1859,206.0,486.0,-240.8461538461538,484.0
1860,206.0,486.0,-240.8461538461538,484.0
1861,206.0,503.0,-250.18681318681317,484.0
1862,206.0,489.0,-242.49450549450552,484.0
1863,207.0,486.0,-240.8461538461538,484.0
1864,207.0,486.0,-240.8461538461538,484.0
1865,207.0,495.0,-245.79120879120882,484.0
1866,207.0,492.0,-244.14285714285717,484.0
1867,207.0,486.0,-240.8461538461538,484.0
1868,207.0,489.0,-242.49450549450552,484.0
1869,207.0,486.0,-240.8461538461538,484.0
1870,207.0,486.0,-240.8461538461538,484.0
1871,207.0,486.0,-240.8461538461538,484.0
1872,208.0,486.0,-240.8461538461538,484.0
1873,208.0,560.0,-281.50549450549454,484.0
1874,208.0,486.0,-240.8461538461538,484.0
1875,208.0,496.0,-246.3406593406593,484.0
1876,208.0,486.0,-240.8461538461538,484.0
1877,208.0,505.0,-251.2857142857142,484.0
1878,208.0,486.0,-240.8461538461538,484.0
1879,208.0,486.0,-240.8461538461538,484.0
1880,208.0,486.0,-240.8461538461538,484.0
1881,209.0,486.0,-240.8461538461538,484.0
1882,209.0,486.0,-240.8461538461538,484.0
1883,209.0,486.0,-240.8461538461538,484.0
1884,209.0,535.0,-267.76923076923083,484.0
1885,209.0,540.0,-270.5164835164835,484.0
1886,209.0,486.0,-240.8461538461538,484.0
1887,209.0,486.0,-240.8461538461538,484.0
1888,209.0,486.0,-240.8461538461538,484.0
1889,209.0,507.0,-252.38461538461536,484.0
1890,210.0,486.0,-240.8461538461538,484.0
1891,210.0,486.0,-240.8461538461538,484.0
1892,210.0,486.0,-240.8461538461538,484.0
1893,210.0,486.0,-240.8461538461538,484.0
1894,210.0,486.0,-240.8461538461538,484.0
1895,210.0,486.0,-240.8461538461538,484.0
1896,210.0,492.0,-244.14285714285717,484.0
1897,210.0,518.0,-258.42857142857144,484.0
1898,210.0,558.0,-280.4065934065934,484.0
1899,211.0,489.0,-242.49450549450552,484.0
1900,211.0,486.0,-240.8461538461538,484.0
1901,211.0,486.0,-240.8461538461538,484.0
1902,211.0,518.0,-258.42857142857144,484.0
1903,211.0,486.0,-240.8461538461538,484.0
1904,211.0,492.0,-244.14285714285717,484.0
1905,211.0,486.0,-240.8461538461538,484.0
1906,211.0,486.0,-240.8461538461538,484.0
1907,211.0,539.0,-269.967032967033,484.0
1908,212.0,492.0,-244.14285714285717,484.0
1909,212.0,486.0,-240.8461538461538,484.0
1910,212.0,486.0,-240.8461538461538,484.0
1911,212.0,489.0,-242.49450549450552,484.0
1912,212.0,486.0,-240.8461538461538,484.0
1913,212.0,486.0,-240.8461538461538,484.0
1914,212.0,486.0,-240.8461538461538,484.0
1915,212.0,509.0,-253.48351648351655,484.0
1916,212.0,486.0,-240.8461538461538,484.0
1917,213.0,486.0,-240.8461538461538,484.0
1918,213.0,489.0,-242.49450549450552,484.0
1919,213.0,486.0,-240.8461538461538,484.0
1920,213.0,486.0,-240.8461538461538,484.0
1921,213.0,486.0,-240.8461538461538,484.0
1922,213.0,486.0,-240.8461538461538,484.0
1923,213.0,489.0,-242.49450549450552,484.0
1924,213.0,486.0,-240.8461538461538,484.0
1925,213.0,486.0,-240.8461538461538,484.0
1926,214.0,486.0,-240.8461538461538,484.0
1927,214.0,486.0,-240.8461538461538,484.0
1928,214.0,486.0,-240.8461538461538,484.0
1929,214.0,486.0,-240.8461538461538,484.0
1930,214.0,486.0,-240.8461538461538,484.0
1931,214.0,486.0,-240.8461538461538,484.0
1932,214.0,486.0,-240.8461538461538,484.0
1933,214.0,486.0,-240.8461538461538,484.0
1934,214.0,486.0,-240.8461538461538,484.0
1935,215.0,486.0,-240.8461538461538,484.0
1936,215.0,486.0,-240.8461538461538,484.0
1937,215.0,486.0,-240.8461538461538,484.0
1938,215.0,486.0,-240.8461538461538,484.0
1939,215.0,489.0,-242.49450549450555,484.0
1940,215.0,486.0,-240.8461538461538,484.0
1941,215.0,486.0,-240.8461538461538,484.0
1942,215.0,489.0,-242.49450549450552,484.0
1943,215.0,486.0,-240.8461538461538,484.0
1944,216.0,486.0,-240.8461538461538,484.0
1945,216.0,489.0,-242.49450549450552,484.0
1946,216.0,486.0,-240.8461538461538,484.0
1947,216.0,486.0,-240.8461538461538,484.0
1948,216.0,496.0,-246.3406593406593,484.0
1949,216.0,489.0,-242.49450549450552,484.0
1950,216.0,489.0,-242.49450549450555,484.0
1951,216.0,486.0,-240.8461538461538,484.0
1952,216.0,503.0,-250.1868131868132,484.0
1953,217.0,486.0,-240.8461538461538,484.0
1954,217.0,486.0,-240.8461538461538,484.0
1955,217.0,486.0,-240.8461538461538,484.0
1956,217.0,486.0,-240.8461538461538,484.0
1957,217.0,486.0,-240.8461538461538,484.0
1958,217.0,492.0,-244.14285714285717,484.0
1959,217.0,489.0,-242.49450549450555,484.0
1960,217.0,486.0,-240.8461538461538,484.0
1961,217.0,534.0,-267.2197802197803,484.0
1962,218.0,489.0,-242.49450549450552,484.0
1963,218.0,486.0,-240.8461538461538,484.0
1964,218.0,560.0,-281.50549450549454,484.0
1965,218.0,486.0,-240.8461538461538,484.0
1966,218.0,486.0,-240.8461538461538,484.0
1967,218.0,526.0,-262.8241758241759,484.0
1968,218.0,489.0,-242.49450549450555,484.0
1969,218.0,486.0,-240.8461538461538,484.0
1970,218.0,486.0,-240.8461538461538,484.0
1971,219.0,486.0,-240.8461538461538,484.0
1972,219.0,486.0,-240.8461538461538,484.0
1973,219.0,486.0,-240.8461538461538,484.0
1974,219.0,486.0,-240.8461538461538,484.0
1975,219.0,486.0,-240.8461538461538,484.0
1976,219.0,486.0,-240.8461538461538,484.0
1977,219.0,514.0,-256.2307692307693,484.0
1978,219.0,486.0,-240.8461538461538,484.0
1979,219.0,486.0,-240.8461538461538,484.0
1980,220.0,486.0,-240.8461538461538,484.0
1981,220.0,486.0,-240.8461538461538,484.0
1982,220.0,486.0,-240.8461538461538,484.0
1983,220.0,486.0,-240.8461538461538,484.0
1984,220.0,486.0,-240.8461538461538,484.0
1985,220.0,496.0,-246.3406593406593,484.0
1986,220.0,486.0,-240.8461538461538,484.0
1987,220.0,486.0,-240.8461538461538,484.0
1988,220.0,486.0,-240.8461538461538,484.0
1989,221.0,486.0,-240.8461538461538,484.0
1990,221.0,486.0,-240.8461538461538,484.0
1991,221.0,486.0,-240.8461538461538,484.0
1992,221.0,486.0,-240.8461538461538,484.0
1993,221.0,486.0,-240.8461538461538,484.0
1994,221.0,486.0,-240.8461538461538,484.0
1995,221.0,486.0,-240.8461538461538,484.0
1996,221.0,486.0,-240.8461538461538,484.0
1997,221.0,486.0,-240.8461538461538,484.0
1998,222.0,486.0,-240.8461538461538,484.0
1999,222.0,486.0,-240.8461538461538,484.0
2000,222.0,486.0,-240.8461538461538,484.0
2001,222.0,486.0,-240.8461538461538,484.0
2002,222.0,486.0,-240.8461538461538,484.0
2003,222.0,486.0,-240.8461538461538,484.0
2004,222.0,486.0,-240.8461538461538,484.0
2005,222.0,486.0,-240.8461538461538,484.0
2006,222.0,509.0,-253.4835164835165,484.0
2007,223.0,486.0,-240.8461538461538,484.0
2008,223.0,486.0,-240.8461538461538,484.0
2009,223.0,497.0,-246.89010989010987,484.0
2010,223.0,486.0,-240.8461538461538,484.0
2011,223.0,486.0,-240.8461538461538,484.0
2012,223.0,486.0,-240.8461538461538,484.0
2013,223.0,486.0,-240.8461538461538,484.0
2014,223.0,486.0,-240.8461538461538,484.0
2015,223.0,486.0,-240.8461538461538,484.0
2016,224.0,486.0,-240.8461538461538,484.0
2017,224.0,486.0,-240.8461538461538,484.0
2018,224.0,486.0,-240.8461538461538,484.0
2019,224.0,486.0,-240.8461538461538,484.0
2020,224.0,486.0,-240.8461538461538,484.0
2021,224.0,486.0,-240.8461538461538,484.0
2022,224.0,489.0,-242.49450549450555,484.0
2023,224.0,489.0,-242.49450549450552,484.0
2024,224.0,486.0,-240.8461538461538,484.0
2025,225.0,486.0,-240.8461538461538,484.0
2026,225.0,486.0,-240.8461538461538,484.0
2027,225.0,486.0,-240.8461538461538,484.0
2028,225.0,486.0,-240.8461538461538,484.0
2029,225.0,489.0,-242.49450549450555,484.0
2030,225.0,486.0,-240.8461538461538,484.0
2031,225.0,486.0,-240.8461538461538,484.0
2032,225.0,486.0,-240.8461538461538,484.0
2033,225.0,486.0,-240.8461538461538,484.0
2034,226.0,486.0,-240.8461538461538,484.0
2035,226.0,486.0,-240.8461538461538,484.0
2036,226.0,492.0,-244.14285714285717,484.0
2037,226.0,486.0,-240.8461538461538,484.0
2038,226.0,486.0,-240.8461538461538,484.0
2039,226.0,486.0,-240.8461538461538,484.0
2040,226.0,486.0,-240.8461538461538,484.0
2041,226.0,486.0,-240.8461538461538,484.0
2042,226.0,518.0,-258.4285714285714,484.0
2043,227.0,486.0,-240.8461538461538,484.0
2044,227.0,486.0,-240.8461538461538,484.0
2045,227.0,486.0,-240.8461538461538,484.0
2046,227.0,524.0,-261.72527472527474,484.0
2047,227.0,486.0,-240.8461538461538,484.0
2048,227.0,486.0,-240.8461538461538,484.0
2049,227.0,486.0,-240.8461538461538,484.0
2050,227.0,486.0,-240.8461538461538,484.0
2051,227.0,486.0,-240.8461538461538,484.0
2052,228.0,508.0,-252.93406593406593,484.0
2053,228.0,486.0,-240.8461538461538,484.0
2054,228.0,486.0,-240.8461538461538,484.0
2055,228.0,511.0,-254.58241758241755,484.0
2056,228.0,486.0,-240.8461538461538,484.0
2057,228.0,486.0,-240.8461538461538,484.0
2058,228.0,486.0,-240.8461538461538,484.0
2059,228.0,496.0,-246.3406593406593,484.0
2060,228.0,486.0,-240.8461538461538,484.0
2061,229.0,508.0,-252.93406593406593,484.0
2062,229.0,486.0,-240.8461538461538,484.0
2063,229.0,486.0,-240.8461538461538,484.0
2064,229.0,486.0,-240.8461538461538,484.0
2065,229.0,486.0,-240.8461538461538,484.0
2066,229.0,486.0,-240.8461538461538,484.0
2067,229.0,486.0,-240.8461538461538,484.0
2068,229.0,486.0,-240.8461538461538,484.0
2069,229.0,486.0,-240.8461538461538,484.0
2070,230.0,486.0,-240.8461538461538,484.0
2071,230.0,486.0,-240.8461538461538,484.0
2072,230.0,486.0,-240.8461538461538,484.0
2073,230.0,486.0,-240.8461538461538,484.0
2074,230.0,486.0,-240.8461538461538,484.0
2075,230.0,486.0,-240.8461538461538,484.0
2076,230.0,486.0,-240.8461538461538,484.0
2077,230.0,486.0,-240.8461538461538,484.0
2078,230.0,489.0,-242.49450549450555,484.0
2079,231.0,486.0,-240.8461538461538,484.0
2080,231.0,486.0,-240.8461538461538,484.0
2081,231.0,486.0,-240.8461538461538,484.0
2082,231.0,486.0,-240.8461538461538,484.0
2083,231.0,503.0,-250.1868131868132,484.0
2084,231.0,505.0,-251.28571428571416,484.0
2085,231.0,486.0,-240.8461538461538,484.0
2086,231.0,505.0,-251.28571428571428,484.0
2087,231.0,486.0,-240.8461538461538,484.0
2088,232.0,486.0,-240.8461538461538,484.0
2089,232.0,486.0,-240.8461538461538,484.0
2090,232.0,496.0,-246.34065934065936,484.0
2091,232.0,486.0,-240.8461538461538,484.0
2092,232.0,486.0,-240.8461538461538,484.0
2093,232.0,489.0,-242.49450549450555,484.0
2094,232.0,486.0,-240.8461538461538,484.0
2095,232.0,486.0,-240.8461538461538,484.0
2096,232.0,496.0,-246.34065934065936,484.0
2097,233.0,486.0,-240.8461538461538,484.0
2098,233.0,486.0,-240.8461538461538,484.0
2099,233.0,486.0,-240.8461538461538,484.0
2100,233.0,486.0,-240.8461538461538,484.0
2101,233.0,489.0,-242.49450549450555,484.0
2102,233.0,486.0,-240.8461538461538,484.0
2103,233.0,486.0,-240.8461538461538,484.0
2104,233.0,486.0,-240.8461538461538,484.0
2105,233.0,509.0,-253.48351648351655,484.0
2106,234.0,486.0,-240.8461538461538,484.0
2107,234.0,486.0,-240.8461538461538,484.0
2108,234.0,486.0,-240.8461538461538,484.0
2109,234.0,486.0,-240.8461538461538,484.0
2110,234.0,486.0,-240.8461538461538,484.0
2111,234.0,486.0,-240.8461538461538,484.0
2112,234.0,486.0,-240.8461538461538,484.0
2113,234.0,486.0,-240.8461538461538,484.0
2114,234.0,486.0,-240.8461538461538,484.0
2115,235.0,486.0,-240.8461538461538,484.0
2116,235.0,486.0,-240.8461538461538,484.0
2117,235.0,486.0,-240.8461538461538,484.0
2118,235.0,486.0,-240.8461538461538,484.0
2119,235.0,486.0,-240.8461538461538,484.0
2120,235.0,486.0,-240.8461538461538,484.0
2121,235.0,486.0,-240.8461538461538,484.0
2122,235.0,486.0,-240.8461538461538,484.0
2123,235.0,486.0,-240.8461538461538,484.0
2124,236.0,486.0,-240.8461538461538,484.0
2125,236.0,486.0,-240.8461538461538,484.0
2126,236.0,486.0,-240.8461538461538,484.0
2127,236.0,486.0,-240.8461538461538,484.0
2128,236.0,486.0,-240.8461538461538,484.0
2129,236.0,486.0,-240.8461538461538,484.0
2130,236.0,486.0,-240.8461538461538,484.0
2131,236.0,486.0,-240.8461538461538,484.0
2132,236.0,486.0,-240.8461538461538,484.0
2133,237.0,486.0,-240.8461538461538,484.0
2134,237.0,486.0,-240.8461538461538,484.0
2135,237.0,486.0,-240.8461538461538,484.0
2136,237.0,486.0,-240.8461538461538,484.0
2137,237.0,486.0,-240.8461538461538,484.0
2138,237.0,486.0,-240.8461538461538,484.0
2139,237.0,486.0,-240.8461538461538,484.0
2140,237.0,486.0,-240.8461538461538,484.0
2141,237.0,486.0,-240.8461538461538,484.0
